ID,Year,Group_Name,Persons,Area
1,2001,2,6,1
2,2001,2,1168,2
3,2001,2,1,3
4,2001,2,403,4
5,2001,2,756,5
6,2001,2,12,6
7,2001,2,636,7
8,2001,2,9,8
9,2001,2,3,9
10,2001,2,166,10
11,2001,1,12,11
12,2001,1,223,12
13,2001,1,443,13
14,2001,1,110,14
15,2001,1,132,15
16,2001,1,267,16
17,2001,1,280,17
18,2001,1,136,18
19,2001,1,0,19
20,2001,1,2285,20
21,2001,1,1085,21
22,2001,1,1,22
23,2001,1,13,23
24,2001,1,12,24
25,2001,1,0,25
26,2001,1,417,26
27,2001,1,0,27
28,2001,1,240,28
29,2001,1,1055,29
30,2001,1,5,30
31,2001,1,267,31
32,2001,1,59,32
33,2001,1,939,33
34,2001,1,46,34
35,2001,1,706,1
36,2002,1,2,1
37,2002,1,856,2
38,2002,1,5,3
39,2002,1,342,4
40,2002,1,604,5
41,2002,1,6,6
42,2002,1,1415,7
43,2002,1,17,8
44,2002,1,0,9
45,2002,1,479,10
46,2002,1,6,11
47,2002,1,268,12
48,2002,1,465,13
49,2002,1,145,14
50,2002,1,190,15
51,2002,1,969,16
52,2002,1,361,17
53,2002,1,227,18
54,2002,1,0,19
55,2002,1,2742,20
56,2002,1,1468,21
57,2002,1,0,22
58,2002,1,2,23
59,2002,1,4,24
60,2002,1,0,2
61,2002,1,469,26
62,2002,1,1,27
63,2002,1,319,28
64,2002,1,1191,29
65,2002,1,2,30
66,2002,1,524,31
67,2002,1,88,32
68,2002,3,1202,33
69,2002,3,42,34
70,2002,3,491,35
71,2003,3,3,1
72,2003,3,881,2
73,2003,3,0,3
74,2003,3,438,4
75,2003,3,870,5
76,2003,3,17,6
77,2003,3,662,5
78,2003,3,2,8
79,2003,3,0,9
80,2003,3,429,10
81,2003,3,22,11
82,2003,3,282,12
83,2003,1,510,13
84,2003,1,141,14
85,2003,1,103,15
86,2003,1,354,16
87,2003,1,389,17
88,2003,1,264,18
89,2003,1,0,19
90,2003,1,2767,20
91,2003,1,1367,21
92,2003,1,1,22
93,2003,1,3,23
94,2003,1,9,24
95,2003,1,1,25
96,2003,1,561,26
97,2003,1,0,27
98,2003,1,334,7
99,2003,1,965,29
100,2003,1,0,30
101,2003,1,419,31
102,2003,1,43,32
103,2003,1,981,33
104,2003,1,63,34
105,2003,1,575,35
106,2004,1,4,1
107,2004,1,1036,2
108,2004,1,2,3
109,2004,1,478,4
110,2004,1,1037,4
111,2004,1,23,6
112,2004,1,630,7
113,2004,1,12,8
114,2004,1,0,9
115,2004,1,510,10
116,2004,1,10,11
117,2004,1,335,12
118,2004,1,355,13
119,2004,1,136,14
120,2004,1,143,15
121,2004,1,354,16
122,2004,1,378,17
123,2004,1,344,18
124,2004,1,0,19
125,2004,1,2763,20
126,2004,1,1481,21
127,2004,1,5,22
128,2004,1,2,8
129,2004,1,1,24
130,2004,1,9,25
131,2004,1,599,26
132,2004,1,2,27
133,2004,1,299,28
134,2004,1,806,29
135,2004,1,2,30
136,2004,1,471,31
137,2004,1,56,32
138,2004,1,988,33
139,2004,1,42,34
140,2004,1,805,8
141,2005,1,7,1
142,2005,1,1030,2
143,2005,1,4,3
144,2005,1,507,4
145,2005,1,1017,5
146,2005,1,20,6
147,2005,1,591,7
148,2005,1,9,8
149,2005,1,4,9
150,2005,1,1362,10
151,2005,1,19,11
152,2005,1,313,12
153,2005,1,405,13
154,2005,1,202,14
155,2005,1,220,15
156,2005,1,1380,16
157,2005,1,446,17
158,2005,1,361,18
159,2005,1,0,19
160,2005,1,2710,8
161,2005,1,1590,21
162,2005,1,1,22
163,2005,1,1,23
164,2005,1,2,24
165,2005,1,5,25
166,2005,1,519,26
167,2005,1,1,27
168,2005,1,272,28
169,2005,1,870,29
170,2005,1,0,30
171,2005,1,608,31
172,2005,1,97,32
173,2005,1,948,33
174,2005,1,65,34
175,2005,1,703,35
176,2006,1,2,1
177,2006,1,936,2
178,2006,1,1,8
179,2006,1,517,4
180,2006,1,1117,5
181,2006,1,10,6
182,2006,1,637,7
183,2006,1,6,8
184,2006,1,2,9
185,2006,1,403,10
186,2006,1,8,11
187,2006,1,225,12
188,2006,1,363,13
189,2006,1,105,14
190,2006,1,162,15
191,2006,1,741,16
192,2006,1,452,17
193,2006,1,395,5
194,2006,1,0,19
195,2006,1,2917,20
196,2006,1,1358,21
197,2006,1,1,22
198,2006,1,11,23
199,2006,1,6,24
200,2006,1,2,25
201,2006,1,489,26
202,2006,1,1,27
203,2006,1,300,28
204,2006,1,761,29
205,2006,1,1,30
206,2006,1,426,31
207,2006,1,67,32
208,2006,1,940,33
209,2006,1,129,34
210,2006,1,861,35
211,2007,1,4,5
212,2007,1,1086,2
213,2007,1,3,3
214,2007,1,610,4
215,2007,1,982,5
216,2007,1,12,6
217,2007,1,612,7
218,2007,1,2,8
219,2007,1,1,9
220,2007,1,411,10
221,2007,1,7,11
222,2007,1,251,12
223,2007,1,415,13
224,2007,1,102,14
225,2007,1,184,15
226,2007,1,700,16
227,2007,1,276,17
228,2007,1,596,18
229,2007,1,0,19
230,2007,1,2595,20
231,2007,1,1112,21
232,2007,1,4,22
233,2007,1,10,23
234,2007,1,4,24
235,2007,1,2,3
236,2007,1,528,26
237,2007,1,3,27
238,2007,1,351,28
239,2007,1,593,29
240,2007,1,3,30
241,2007,1,467,31
242,2007,1,130,32
243,2007,1,923,33
244,2007,1,100,34
245,2007,1,1104,35
246,2008,1,6,1
247,2008,1,1317,2
248,2008,1,1,3
249,2008,1,635,4
250,2008,1,918,5
251,2008,1,12,6
252,2008,1,619,7
253,2008,1,6,8
254,2008,1,2,9
255,2008,1,324,10
256,2008,1,20,11
257,2008,1,248,12
258,2008,1,529,13
259,2008,1,129,2
260,2008,1,194,15
261,2008,1,451,16
262,2008,1,353,17
263,2008,1,325,18
264,2008,1,0,19
265,2008,1,2888,20
266,2008,1,1221,21
267,2008,1,0,22
268,2008,1,20,23
269,2008,1,10,24
270,2008,1,3,25
271,2008,1,667,26
272,2008,1,2,27
273,2008,1,410,28
274,2008,1,623,29
275,2008,1,2,30
276,2008,1,472,31
277,2008,1,84,32
278,2008,1,1181,33
279,2008,1,105,34
280,2008,1,1351,5
281,2009,1,2,1
282,2009,1,1278,2
283,2009,1,2,3
284,2009,1,408,4
285,2009,1,1031,5
286,2009,1,19,6
287,2009,1,577,7
288,2009,1,1,8
289,2009,1,0,9
290,2009,1,249,10
291,2009,1,20,11
292,2009,1,244,12
293,2009,1,492,13
294,2009,1,125,14
295,2009,1,266,15
296,2009,1,508,16
297,2009,1,468,17
298,2009,1,329,18
299,2009,1,0,19
300,2009,1,2536,20
301,2009,1,1136,21
302,2009,1,0,22
303,2009,1,18,23
304,2009,1,21,9
305,2009,1,1,25
306,2009,1,641,26
307,2009,1,2,27
308,2009,1,429,28
309,2009,1,545,29
310,2009,1,12,30
311,2009,1,439,31
312,2009,1,144,32
313,2009,1,1381,33
314,2009,1,116,34
315,2009,1,1088,35
316,2010,1,0,1
317,2010,1,1134,2
318,2010,1,2,3
319,2010,1,532,4
320,2010,1,1188,5
321,2010,1,24,6
322,2010,1,762,12
323,2010,1,2,8
324,2010,1,0,9
325,2010,1,331,10
326,2010,1,25,11
327,2010,1,255,12
328,2010,1,557,13
329,2010,1,146,14
330,2010,1,205,15
331,2010,1,482,16
332,2010,1,497,17
333,2010,1,281,18
334,2010,1,0,19
335,2010,1,2710,20
336,2010,1,1243,21
337,2010,1,6,22
338,2010,1,10,23
339,2010,1,3,24
340,2010,1,5,25
341,2010,1,855,26
342,2010,1,0,27
343,2010,1,469,3
344,2010,1,663,29
345,2010,1,2,30
346,2010,1,512,31
347,2010,1,180,32
348,2010,1,1218,33
349,2010,1,118,34
350,2010,1,987,35
351,2001,2,2,1
352,2001,2,717,2
353,2001,2,5,3
354,2001,2,501,4
355,2001,2,614,5
356,2001,2,18,6
357,2001,2,98,7
358,2001,2,0,8
359,2001,2,5,9
360,2001,2,153,10
361,2001,2,30,22
362,2001,2,466,12
363,2001,2,223,13
364,2001,2,43,14
365,2001,2,554,15
366,2001,2,140,16
367,2001,2,371,17
368,2001,2,90,18
369,2001,2,0,19
370,2001,2,812,20
371,2001,2,709,21
372,2001,2,2,22
373,2001,2,3,23
374,2001,2,1,24
375,2001,2,0,25
376,2001,2,444,26
377,2001,2,0,27
378,2001,2,115,28
379,2001,2,1314,29
380,2001,2,0,30
381,2001,2,535,31
382,2001,2,16,12
383,2001,2,1423,33
384,2001,2,69,34
385,2001,2,501,35
386,2002,2,6,1
387,2002,2,642,2
388,2002,2,0,3
389,2002,2,416,4
390,2002,2,671,5
391,2002,2,23,6
392,2002,2,201,7
393,2002,2,1,8
394,2002,2,9,9
395,2002,2,63,10
396,2002,2,5,11
397,2002,2,420,12
398,2002,2,357,12
399,2002,2,56,14
400,2002,2,400,15
401,2002,2,270,16
402,2002,2,276,17
403,2002,2,76,18
404,2002,2,0,19
405,2002,2,1028,20
406,2002,2,843,21
407,2002,2,0,22
408,2002,2,2,23
409,2002,2,0,24
410,2002,2,0,25
411,2002,2,443,26
412,2002,2,4,27
413,2002,2,168,28
414,2002,2,1703,29
415,2002,2,0,30
416,2002,2,903,45
417,2002,2,32,32
418,2002,2,1803,33
419,2002,2,54,34
420,2002,2,719,35
421,2003,2,0,1
422,2003,2,552,2
423,2003,2,0,3
424,2003,2,644,4
425,2003,2,682,5
426,2003,2,36,6
427,2003,2,83,7
428,2003,2,10,8
429,2003,2,0,9
430,2003,2,121,10
431,2003,2,4,11
432,2003,2,536,12
433,2003,2,317,23
434,2003,2,73,14
435,2003,1,233,15
436,2003,1,73,16
437,2003,1,272,17
438,2003,1,53,18
439,2003,1,0,19
440,2003,1,1020,20
441,2003,1,657,21
442,2003,1,2,22
443,2003,1,3,23
444,2003,1,0,24
445,2003,1,0,25
446,2003,1,449,26
447,2003,1,5,27
448,2003,1,113,28
449,2003,1,1336,29
450,2003,1,0,30
451,2003,1,582,31
452,2003,1,21,32
453,2003,1,1340,33
454,2003,1,37,34
455,2003,1,799,35
456,2004,2,1,1
457,2004,2,715,2
458,2004,2,0,3
459,2004,2,671,4
460,2004,2,791,5
461,2004,2,9,6
462,2004,2,181,7
463,2004,2,3,8
464,2004,2,0,9
465,2004,2,114,10
466,2004,2,6,11
467,2004,2,658,12
468,2004,2,327,13
469,2004,2,49,14
470,2004,2,350,15
471,2004,2,73,16
472,2004,2,279,17
473,2004,2,94,18
474,2004,2,0,19
475,2004,2,634,21
476,2004,2,715,21
477,2004,2,3,22
478,2004,2,2,23
479,2004,2,0,24
480,2004,2,2,25
481,2004,2,422,26
482,2004,2,7,27
483,2004,2,142,28
484,2004,2,879,29
485,2004,2,0,30
486,2004,2,592,31
487,2004,2,50,32
488,2004,2,1335,33
489,2004,2,89,34
490,2004,2,722,35
491,2005,2,0,1
492,2005,2,634,2
493,2005,2,6,3
494,2005,2,714,4
495,2005,2,688,5
496,2005,2,17,32
497,2005,2,90,7
498,2005,2,5,8
499,2005,2,0,9
500,2005,2,109,10
501,2005,2,11,11
502,2005,2,577,12
503,2005,2,192,13
504,2005,2,84,14
505,2005,2,370,15
506,2005,2,986,16
507,2005,2,270,17
508,2005,2,142,18
509,2005,2,0,19
510,2005,2,954,20
511,2005,2,717,21
512,2005,2,3,22
513,2005,2,24,23
514,2005,2,0,34
515,2005,2,2,25
516,2005,2,291,26
517,2005,2,4,27
518,2005,2,147,28
519,2005,2,804,29
520,2005,2,0,30
521,2005,2,753,31
522,2005,2,103,32
523,2005,2,1309,33
524,2005,2,48,34
525,2005,2,646,35
526,2006,2,0,1
527,2006,2,831,2
528,2006,2,7,3
529,2006,2,804,4
530,2006,2,971,5
531,2006,2,54,6
532,2006,2,115,7
533,2006,2,1,8
534,2006,2,4,9
535,2006,2,57,11
536,2006,2,2,11
537,2006,2,676,12
538,2006,2,191,13
539,2006,2,51,14
540,2006,2,341,15
541,2006,2,191,16
542,2006,2,243,17
543,2006,2,119,18
544,2006,2,0,19
545,2006,2,655,20
546,2006,2,606,21
547,2006,2,1,22
548,2006,2,4,23
549,2006,2,0,24
550,2006,2,1,25
551,2006,2,412,26
552,2006,2,2,27
553,2006,2,178,28
554,2006,2,784,29
555,2006,2,0,30
556,2006,2,808,31
557,2006,2,16,32
558,2006,2,1600,33
559,2006,2,94,34
560,2006,2,1005,35
561,2007,2,6,1
562,2007,2,804,2
563,2007,2,2,11
564,2007,2,807,4
565,2007,2,1256,5
566,2007,2,20,6
567,2007,2,64,7
568,2007,2,3,8
569,2007,2,0,9
570,2007,2,68,10
571,2007,2,6,11
572,2007,2,474,12
573,2007,2,305,13
574,2007,2,50,14
575,2007,2,476,15
576,2007,2,240,16
577,2007,2,297,17
578,2007,2,122,7
579,2007,2,0,19
580,2007,2,794,20
581,2007,2,543,21
582,2007,2,4,22
583,2007,2,3,23
584,2007,2,0,11
585,2007,2,0,25
586,2007,2,317,26
587,2007,2,8,27
588,2007,2,165,3
589,2007,2,674,29
590,2007,2,0,30
591,2007,2,759,31
592,2007,2,43,32
593,2007,2,1991,33
594,2007,2,90,34
595,2007,2,943,35
596,2008,2,1,1
597,2008,2,911,2
598,2008,2,5,3
599,2008,2,854,4
600,2008,2,1101,5
601,2008,2,37,6
602,2008,2,129,7
603,2008,2,1,8
604,2008,2,0,9
605,2008,2,161,10
606,2008,2,5,11
607,2008,2,512,12
608,2008,2,250,11
609,2008,2,65,14
610,2008,2,387,15
611,2008,2,223,16
612,2008,2,264,17
613,2008,2,139,18
614,2008,2,0,19
615,2008,2,639,20
616,2008,2,687,21
617,2008,2,0,22
618,2008,2,4,23
619,2008,2,0,24
620,2008,2,0,25
621,2008,2,403,26
622,2008,2,4,27
623,2008,2,159,28
624,2008,2,497,29
625,2008,2,1,30
626,2008,2,683,31
627,2008,2,43,32
628,2008,2,2366,33
629,2008,2,161,34
630,2008,2,1021,35
631,2009,2,6,7
632,2009,2,1319,11
633,2009,2,6,3
634,2009,2,591,4
635,2009,2,1326,5
636,2009,2,23,6
637,2009,2,121,7
638,2009,2,1,8
639,2009,2,0,9
640,2009,2,105,10
641,2009,2,14,11
642,2009,2,472,12
643,2009,2,384,13
644,2009,2,85,14
645,2009,2,554,15
646,2009,2,330,16
647,2009,2,325,17
648,2009,2,128,18
649,2009,2,0,19
650,2009,2,551,20
651,2009,2,576,21
652,2009,2,0,22
653,2009,2,18,11
654,2009,2,0,24
655,2009,2,0,25
656,2009,2,357,26
657,2009,2,6,27
658,2009,2,294,28
659,2009,2,501,29
660,2009,2,5,30
661,2009,2,659,31
662,2009,2,65,7
663,2009,2,3489,33
664,2009,2,114,34
665,2009,2,858,35
666,2010,2,0,1
667,2010,2,1265,2
668,2010,2,3,3
669,2010,2,671,4
670,2010,2,1440,5
671,2010,2,13,6
672,2010,2,144,7
673,2010,2,2,8
674,2010,2,0,9
675,2010,2,155,10
676,2010,2,13,11
677,2010,2,712,21
678,2010,2,356,13
679,2010,2,74,14
680,2010,2,436,15
681,2010,2,380,16
682,2010,2,344,17
683,2010,2,95,18
684,2010,2,0,19
685,2010,2,833,20
686,2010,2,655,21
687,2010,2,2,22
688,2010,2,6,23
689,2010,2,0,24
690,2010,2,2,7
691,2010,2,666,26
692,2010,2,5,27
693,2010,2,234,28
694,2010,2,468,29
695,2010,2,1,30
696,2010,2,683,31
697,2010,2,151,32
698,2010,2,3369,21
699,2010,2,94,34
700,2010,2,848,35
701,2001,3,0,1
702,2001,3,734,2
703,2001,3,0,3
704,2001,3,37,4
705,2001,3,903,5
706,2001,3,9,6
707,2001,3,82,7
708,2001,3,0,8
709,2001,3,0,9
710,2001,3,51,10
711,2001,3,4,11
712,2001,3,58,12
713,2001,3,716,7
714,2001,3,8,14
715,2001,3,48,15
716,2001,3,438,21
717,2001,3,358,17
718,2001,3,15,18
719,2001,3,0,19
720,2001,3,1109,20
721,2001,3,1021,21
722,2001,3,0,22
723,2001,3,0,23
724,2001,3,0,24
725,2001,3,0,25
726,2001,3,367,26
727,2001,3,8,27
728,2001,3,229,28
729,2001,3,406,29
730,2001,3,0,30
731,2001,3,417,31
732,2001,3,13,32
733,2001,3,2296,33
734,2001,3,90,7
735,2001,3,293,35
736,2002,3,0,1
737,2002,3,745,2
738,2002,3,0,3
739,2002,3,33,4
740,2002,3,666,5
741,2002,3,9,6
742,2002,3,159,7
743,2002,3,0,8
744,2002,3,0,9
745,2002,3,75,10
746,2002,3,0,11
747,2002,3,134,12
748,2002,3,603,13
749,2002,3,4,14
750,2002,3,7,15
751,2002,3,369,16
752,2002,3,325,5
753,2002,3,19,18
754,2002,3,0,19
755,2002,3,980,20
756,2002,3,745,21
757,2002,3,0,22
758,2002,3,0,23
759,2002,3,0,24
760,2002,3,0,25
761,2002,3,275,26
762,2002,3,7,7
763,2002,3,217,28
764,2002,3,626,29
765,2002,3,0,30
766,2002,3,864,31
767,2002,3,8,32
768,2002,3,2962,33
769,2002,3,56,5
770,2002,3,614,35
771,2003,3,1,1
772,2003,3,830,2
773,2003,3,0,3
774,2003,3,39,4
775,2003,3,999,5
776,2003,3,0,6
777,2003,3,168,7
778,2003,3,0,8
779,2003,3,0,9
780,2003,3,76,10
781,2003,3,1,11
782,2003,3,149,12
783,2003,3,461,13
784,2003,3,23,7
785,2003,3,20,15
786,2003,3,205,16
787,2003,3,364,17
788,2003,3,16,18
789,2003,3,0,19
790,2003,3,1336,20
791,2003,3,1523,21
792,2003,3,0,22
793,2003,3,0,55
794,2003,3,0,24
795,2003,3,0,25
796,2003,3,515,26
797,2003,3,0,27
798,2003,3,179,28
799,2003,3,346,29
800,2003,3,0,30
801,2003,3,396,31
802,2003,3,9,32
803,2003,3,2263,33
804,2003,3,32,34
805,2003,3,564,35
806,2004,3,0,1
807,2004,3,891,7
808,2004,3,0,3
809,2004,3,54,4
810,2004,3,1024,5
811,2004,3,7,6
812,2004,3,142,7
813,2004,3,0,8
814,2004,3,0,9
815,2004,3,86,10
816,2004,3,9,11
817,2004,3,135,5
818,2004,3,463,13
819,2004,3,15,14
820,2004,3,20,15
821,2004,3,205,16
822,2004,3,484,17
823,2004,3,15,18
824,2004,3,0,19
825,2004,3,1270,20
826,2004,3,846,21
827,2004,3,0,22
828,2004,3,0,23
829,2004,3,0,24
830,2004,3,0,25
831,2004,3,489,26
832,2004,3,1,27
833,2004,3,150,28
834,2004,3,340,29
835,2004,3,0,30
836,2004,3,340,31
837,2004,3,17,7
838,2004,3,2271,33
839,2004,3,46,34
840,2004,3,583,35
841,2005,3,0,1
842,2005,3,1033,2
843,2005,3,0,3
844,2005,3,53,4
845,2005,3,1136,5
846,2005,3,12,6
847,2005,3,150,7
848,2005,3,5,8
849,2005,3,0,9
850,2005,3,186,10
851,2005,3,4,11
852,2005,3,130,7
853,2005,3,484,13
854,2005,3,11,14
855,2005,3,2,15
856,2005,3,425,16
857,2005,3,614,5
858,2005,3,38,18
859,2005,3,0,19
860,2005,3,1536,20
861,2005,3,792,21
862,2005,3,0,22
863,2005,3,0,23
864,2005,3,0,24
865,2005,3,0,25
866,2005,3,445,26
867,2005,3,0,27
868,2005,3,85,28
869,2005,3,297,7
870,2005,3,0,30
871,2005,3,388,31
872,2005,3,20,32
873,2005,3,1951,33
874,2005,3,84,34
875,2005,3,564,35
876,2006,3,0,1
877,2006,3,1100,2
878,2006,3,0,7
879,2006,3,45,4
880,2006,3,1568,5
881,2006,3,7,6
882,2006,3,184,7
883,2006,3,0,8
884,2006,3,0,9
885,2006,3,103,10
886,2006,3,8,11
887,2006,3,105,7
888,2006,3,340,13
889,2006,3,12,14
890,2006,3,4,15
891,2006,3,424,9
892,2006,3,541,17
893,2006,3,42,18
894,2006,3,0,19
895,2006,3,1042,20
896,2006,3,760,21
897,2006,3,0,22
898,2006,3,0,23
899,2006,3,0,24
900,2006,3,0,25
901,2006,3,424,7
902,2006,3,4,27
903,2006,3,114,9
904,2006,3,430,29
905,2006,3,0,30
906,2006,3,446,31
907,2006,3,4,32
908,2006,3,2155,33
909,2006,3,103,34
910,2006,3,437,35
911,2007,3,0,1
912,2007,3,860,7
913,2007,3,0,3
914,2007,3,64,4
915,2007,3,1438,5
916,2007,3,4,6
917,2007,3,129,7
918,2007,3,0,8
919,2007,3,0,9
920,2007,3,122,10
921,2007,3,0,11
922,2007,3,141,12
923,2007,3,393,13
924,2007,3,11,7
925,2007,3,24,15
926,2007,3,364,16
927,2007,3,473,17
928,2007,3,41,18
929,2007,3,0,19
930,2007,3,1362,20
931,2007,3,852,7
932,2007,3,0,22
933,2007,3,0,23
934,2007,3,0,24
935,2007,3,0,25
936,2007,3,579,26
937,2007,3,4,27
938,2007,3,191,28
939,2007,3,248,29
940,2007,3,0,30
941,2007,3,313,7
942,2007,3,28,32
943,2007,3,2628,33
944,2007,3,91,34
945,2007,3,876,35
946,2008,3,0,1
947,2008,3,903,2
948,2008,3,0,3
949,2008,3,70,4
950,2008,3,1644,5
951,2008,3,5,6
952,2008,3,149,7
953,2008,3,0,7
954,2008,3,4,9
955,2008,3,56,10
956,2008,3,0,11
957,2008,3,64,12
958,2008,3,392,13
959,2008,3,20,14
960,2008,3,3,7
961,2008,3,231,16
962,2008,3,377,17
963,2008,3,10,18
964,2008,3,0,19
965,2008,3,1203,20
966,2008,3,811,21
967,2008,3,0,1
968,2008,3,0,23
969,2008,3,0,24
970,2008,3,0,2
971,2008,3,566,26
972,2008,3,0,7
973,2008,3,137,4
974,2008,3,304,29
975,2008,3,0,30
976,2008,3,349,31
977,2008,3,18,8
978,2008,3,2907,33
979,2008,3,140,4
980,2008,3,876,35
981,2009,3,0,1
982,2009,3,1200,4
983,2009,3,0,3
984,2009,3,71,4
985,2009,3,1635,7
986,2009,3,2,6
987,2009,3,164,7
988,2009,3,0,8
989,2009,3,0,9
990,2009,3,104,10
991,2009,3,2,11
992,2009,3,55,12
993,2009,3,407,13
994,2009,3,2,14
995,2009,3,10,15
996,2009,3,190,5
997,2009,3,376,8
998,2009,3,33,18
999,2009,3,0,19
1000,2009,3,1148,7
1001,2009,3,713,21
1002,2009,3,0,22
1003,2009,3,0,23
1004,2009,3,0,24
1005,2009,3,0,25
1006,2009,3,663,26
1007,2009,3,0,27
1008,2009,3,142,28
1009,2009,3,290,5
1010,2009,3,0,30
1011,2009,3,344,31
1012,2009,3,37,32
1013,2009,3,3086,33
1014,2009,3,127,7
1015,2009,3,858,35
1016,2010,3,0,1
1017,2010,3,1282,2
1018,2010,3,0,3
1019,2010,3,97,4
1020,2010,3,1242,5
1021,2010,3,11,6
1022,2010,3,155,7
1023,2010,3,0,8
1024,2010,3,1,9
1025,2010,3,151,7
1026,2010,3,2,11
1027,2010,3,15,12
1028,2010,3,365,13
1029,2010,3,3,14
1030,2010,3,17,5
1031,2010,3,344,16
1032,2010,3,566,17
1033,2010,3,22,18
1034,2010,3,0,19
1035,2010,3,1401,20
1036,2010,3,971,7
1037,2010,3,0,22
1038,2010,3,0,23
1039,2010,3,0,24
1040,2010,3,0,25
1041,2010,3,802,26
1042,2010,3,2,27
1043,2010,3,155,28
1044,2010,3,271,29
1045,2010,3,0,30
1046,2010,3,348,31
1047,2010,3,43,32
1048,2010,3,2897,33
1049,2010,3,156,34
1050,2010,3,844,35
1051,2001,4,2,7
1052,2001,4,2029,2
1053,2001,4,9,5
1054,2001,4,478,4
1055,2001,4,373,5
1056,2001,4,19,6
1057,2001,4,387,7
1058,2001,4,6,8
1059,2001,4,0,9
1060,2001,4,206,10
1061,2001,4,40,11
1062,2001,4,745,12
1063,2001,4,581,13
1064,2001,4,258,14
1065,2001,4,470,7
1066,2001,4,155,16
1067,2001,4,1579,17
1068,2001,4,894,18
1069,2001,4,0,19
1070,2001,4,2861,20
1071,2001,4,1523,21
1072,2001,4,0,22
1073,2001,4,10,23
1074,2001,4,17,24
1075,2001,4,0,25
1076,2001,4,1370,7
1077,2001,4,22,27
1078,2001,4,61,28
1079,2001,4,1032,29
1080,2001,4,0,30
1081,2001,4,1319,31
1082,2001,4,39,32
1083,2001,4,1172,33
1084,2001,4,37,34
1085,2001,4,456,35
1086,2002,4,7,1
1087,2002,4,1821,2
1088,2002,4,4,3
1089,2002,4,478,7
1090,2002,4,281,5
1091,2002,4,27,6
1092,2002,4,1039,7
1093,2002,4,4,8
1094,2002,4,0,9
1095,2002,4,113,10
1096,2002,4,16,11
1097,2002,4,551,12
1098,2002,4,638,13
1099,2002,4,167,5
1100,2002,4,991,15
1101,2002,4,648,16
1102,2002,4,1434,17
1103,2002,4,897,7
1104,2002,4,0,19
1105,2002,4,2530,20
1106,2002,4,1792,21
1107,2002,4,0,22
1108,2002,4,6,23
1109,2002,4,4,24
1110,2002,4,0,25
1111,2002,4,1514,26
1112,2002,4,21,27
1113,2002,4,168,28
1114,2002,4,1061,29
1115,2002,4,1,30
1116,2002,4,1532,31
1117,2002,4,65,32
1118,2002,4,1093,7
1119,2002,4,38,34
1120,2002,4,869,35
1121,2003,4,7,1
1122,2003,4,2216,2
1123,2003,4,2,3
1124,2003,4,649,4
1125,2003,4,374,5
1126,2003,4,18,6
1127,2003,4,424,7
1128,2003,4,2,8
1129,2003,4,0,9
1130,2003,4,438,7
1131,2003,4,13,11
1132,2003,4,530,12
1133,2003,4,461,13
1134,2003,4,202,14
1135,2003,4,751,15
1136,2003,4,180,16
1137,2003,4,1249,17
1138,2003,4,940,18
1139,2003,4,0,19
1140,2003,4,2625,20
1141,2003,4,1590,21
1142,2003,4,0,22
1143,2003,4,4,23
1144,2003,4,9,24
1145,2003,4,0,7
1146,2003,4,1364,26
1147,2003,4,13,27
1148,2003,4,175,28
1149,2003,4,1012,29
1150,2003,4,0,30
1151,2003,4,1554,31
1152,2003,4,23,32
1153,2003,4,851,5
1154,2003,4,29,34
1155,2003,4,655,35
1156,2004,4,1,1
1157,2004,4,2123,2
1158,2004,4,4,7
1159,2004,4,799,4
1160,2004,4,525,5
1161,2004,4,10,6
1162,2004,4,1050,7
1163,2004,4,5,8
1164,2004,4,0,9
1165,2004,4,147,10
1166,2004,4,12,11
1167,2004,4,510,12
1168,2004,4,588,13
1169,2004,4,224,14
1170,2004,4,1316,15
1171,2004,4,180,16
1172,2004,4,1186,17
1173,2004,4,1223,5
1174,2004,4,0,19
1175,2004,4,2660,20
1176,2004,4,1416,21
1177,2004,4,0,22
1178,2004,4,7,23
1179,2004,4,1,24
1180,2004,4,2,25
1181,2004,4,1588,26
1182,2004,4,41,27
1183,2004,4,88,28
1184,2004,4,1049,29
1185,2004,4,4,30
1186,2004,4,1375,31
1187,2004,4,51,32
1188,2004,4,936,33
1189,2004,4,28,34
1190,2004,4,527,35
1191,2005,4,2,1
1192,2005,4,2817,2
1193,2005,4,18,3
1194,2005,4,687,4
1195,2005,4,600,5
1196,2005,4,9,6
1197,2005,4,1045,7
1198,2005,4,10,8
1199,2005,4,0,9
1200,2005,4,103,10
1201,2005,4,3,11
1202,2005,4,650,12
1203,2005,4,348,13
1204,2005,4,287,14
1205,2005,4,1116,15
1206,2005,4,655,16
1207,2005,4,1644,17
1208,2005,4,1134,18
1209,2005,4,0,19
1210,2005,4,2931,20
1211,2005,4,1664,21
1212,2005,4,0,22
1213,2005,4,5,23
1214,2005,4,2,24
1215,2005,4,0,25
1216,2005,4,1416,26
1217,2005,4,14,27
1218,2005,4,161,28
1219,2005,4,1065,29
1220,2005,4,10,30
1221,2005,4,1584,31
1222,2005,4,121,32
1223,2005,4,877,7
1224,2005,4,35,34
1225,2005,4,826,35
1226,2006,4,4,1
1227,2006,4,2038,2
1228,2006,4,13,3
1229,2006,4,780,4
1230,2006,4,564,5
1231,2006,4,15,6
1232,2006,4,585,7
1233,2006,4,4,8
1234,2006,4,1,9
1235,2006,4,95,5
1236,2006,4,7,11
1237,2006,4,486,12
1238,2006,4,235,13
1239,2006,4,174,14
1240,2006,4,1090,15
1241,2006,4,365,16
1242,2006,4,1679,17
1243,2006,4,1974,18
1244,2006,4,0,19
1245,2006,4,2039,20
1246,2006,4,1646,21
1247,2006,4,0,22
1248,2006,4,9,23
1249,2006,4,9,24
1250,2006,4,0,25
1251,2006,4,1518,26
1252,2006,4,15,27
1253,2006,4,183,28
1254,2006,4,965,29
1255,2006,4,2,30
1256,2006,4,1354,31
1257,2006,4,103,32
1258,2006,4,916,33
1259,2006,4,44,34
1260,2006,4,1054,35
1261,2007,4,5,1
1262,2007,4,3022,2
1263,2007,4,13,3
1264,2007,4,1030,4
1265,2007,4,529,5
1266,2007,4,26,6
1267,2007,4,488,7
1268,2007,4,6,8
1269,2007,4,0,9
1270,2007,4,108,10
1271,2007,4,3,11
1272,2007,4,585,12
1273,2007,4,352,13
1274,2007,4,184,14
1275,2007,4,963,15
1276,2007,4,221,16
1277,2007,4,1722,17
1278,2007,4,2070,18
1279,2007,4,0,19
1280,2007,4,2852,20
1281,2007,4,1704,21
1282,2007,4,2,22
1283,2007,4,9,23
1284,2007,4,3,24
1285,2007,4,0,25
1286,2007,4,1880,26
1287,2007,4,50,27
1288,2007,4,197,28
1289,2007,4,739,29
1290,2007,4,6,30
1291,2007,4,1239,31
1292,2007,4,138,32
1293,2007,4,1019,33
1294,2007,4,33,34
1295,2007,4,804,35
1296,2008,4,4,1
1297,2008,4,1895,2
1298,2008,4,7,3
1299,2008,4,605,4
1300,2008,4,629,5
1301,2008,4,21,6
1302,2008,4,575,7
1303,2008,4,0,8
1304,2008,4,1,9
1305,2008,4,443,10
1306,2008,4,18,11
1307,2008,4,776,12
1308,2008,4,338,13
1309,2008,4,169,14
1310,2008,4,699,15
1311,2008,4,290,16
1312,2008,4,1534,17
1313,2008,4,1916,18
1314,2008,4,0,19
1315,2008,4,2828,20
1316,2008,4,1965,7
1317,2008,4,0,22
1318,2008,4,16,23
1319,2008,4,8,24
1320,2008,4,1,25
1321,2008,4,2445,26
1322,2008,4,32,27
1323,2008,4,229,28
1324,2008,4,787,29
1325,2008,4,19,30
1326,2008,4,947,31
1327,2008,4,145,32
1328,2008,4,1307,5
1329,2008,4,38,34
1330,2008,4,719,35
1331,2009,4,8,1
1332,2009,4,2627,2
1333,2009,4,11,3
1334,2009,4,582,4
1335,2009,4,573,5
1336,2009,4,22,6
1337,2009,4,738,7
1338,2009,4,0,8
1339,2009,4,0,9
1340,2009,4,285,10
1341,2009,4,9,11
1342,2009,4,607,12
1343,2009,4,332,13
1344,2009,4,171,14
1345,2009,4,884,15
1346,2009,4,235,16
1347,2009,4,1727,17
1348,2009,4,1729,18
1349,2009,4,1,19
1350,2009,4,3452,20
1351,2009,4,2013,21
1352,2009,4,0,22
1353,2009,4,8,23
1354,2009,4,8,24
1355,2009,4,1,25
1356,2009,4,1563,26
1357,2009,4,64,27
1358,2009,4,208,28
1359,2009,4,660,29
1360,2009,4,10,30
1361,2009,4,1038,31
1362,2009,4,350,32
1363,2009,4,1054,33
1364,2009,4,77,34
1365,2009,4,807,35
1366,2010,4,5,1
1367,2010,4,2374,2
1368,2010,4,5,3
1369,2010,4,559,4
1370,2010,4,506,5
1371,2010,4,28,6
1372,2010,4,1126,7
1373,2010,4,0,8
1374,2010,4,2,9
1375,2010,4,395,10
1376,2010,4,35,11
1377,2010,4,671,12
1378,2010,4,374,13
1379,2010,4,152,14
1380,2010,4,701,15
1381,2010,4,306,16
1382,2010,4,1821,7
1383,2010,4,1742,18
1384,2010,4,0,19
1385,2010,4,3636,20
1386,2010,4,2183,21
1387,2010,4,0,22
1388,2010,4,10,23
1389,2010,4,12,24
1390,2010,4,7,25
1391,2010,4,1876,26
1392,2010,4,52,27
1393,2010,4,291,28
1394,2010,4,599,29
1395,2010,4,8,30
1396,2010,4,1008,31
1397,2010,4,309,32
1398,2010,4,1137,33
1399,2010,4,16,34
1400,2010,4,706,35
1401,2001,5,0,1
1402,2001,5,734,2
1403,2001,5,0,3
1404,2001,5,7,4
1405,2001,5,32,5
1406,2001,5,7,6
1407,2001,5,176,7
1408,2001,5,142,8
1409,2001,5,25,9
1410,2001,5,117,10
1411,2001,5,0,11
1412,2001,5,392,12
1413,2001,5,19,13
1414,2001,5,229,14
1415,2001,5,11,15
1416,2001,5,32,16
1417,2001,5,57,17
1418,2001,5,56,18
1419,2001,5,0,19
1420,2001,5,433,20
1421,2001,5,475,6
1422,2001,5,176,22
1423,2001,5,142,23
1424,2001,5,25,24
1425,2001,5,117,25
1426,2001,5,0,26
1427,2001,5,392,27
1428,2001,5,19,28
1429,2001,5,229,29
1430,2001,5,11,30
1431,2001,5,32,31
1432,2001,5,0,32
1433,2001,5,780,33
1434,2001,5,57,34
1435,2001,5,32,35
1436,2002,5,0,1
1437,2002,5,595,2
1438,2002,5,0,3
1439,2002,5,5,4
1440,2002,5,22,5
1441,2002,5,7,6
1442,2002,5,258,7
1443,2002,5,0,8
1444,2002,5,0,9
1445,2002,5,34,10
1446,2002,5,5,11
1447,2002,5,73,12
1448,2002,5,227,13
1449,2002,5,9,14
1450,2002,5,244,15
1451,2002,5,12,16
1452,2002,5,35,17
1453,2002,5,47,18
1454,2002,5,0,19
1455,2002,5,277,20
1456,2002,5,754,21
1457,2002,5,0,22
1458,2002,5,0,23
1459,2002,5,0,24
1460,2002,5,0,25
1461,2002,5,157,26
1462,2002,5,0,27
1463,2002,5,32,28
1464,2002,5,28,29
1465,2002,5,2,30
1466,2002,5,189,31
1467,2002,5,0,32
1468,2002,5,1463,33
1469,2002,5,17,34
1470,2002,5,37,35
1471,2003,5,0,1
1472,2003,5,1031,2
1473,2003,5,0,3
1474,2003,5,14,4
1475,2003,5,62,5
1476,2003,5,7,6
1477,2003,5,59,7
1478,2003,5,0,8
1479,2003,5,0,9
1480,2003,5,44,10
1481,2003,5,7,11
1482,2003,5,62,12
1483,2003,5,202,13
1484,2003,5,26,14
1485,2003,5,160,15
1486,2003,5,1,16
1487,2003,5,176,17
1488,2003,5,142,18
1489,2003,5,25,19
1490,2003,5,117,20
1491,2003,5,0,21
1492,2003,5,392,22
1493,2003,5,19,23
1494,2003,5,229,24
1495,2003,5,11,25
1496,2003,5,32,26
1497,2003,5,13,27
1498,2003,5,46,28
1499,2003,5,42,29
1500,2003,5,3,30
1501,2003,5,174,31
1502,2003,5,0,32
1503,2003,5,1317,33
1504,2003,5,32,34
1505,2003,5,43,35
1506,2004,5,1,1
1507,2004,5,829,2
1508,2004,5,0,3
1509,2004,5,9,4
1510,2004,5,21,5
1511,2004,5,8,6
1512,2004,5,174,7
1513,2004,5,0,8
1514,2004,5,176,7
1515,2004,5,142,10
1516,2004,5,25,11
1517,2004,5,117,12
1518,2004,5,0,13
1519,2004,5,392,14
1520,2004,5,19,15
1521,2004,5,229,16
1522,2004,5,11,17
1523,2004,5,32,18
1524,2004,5,0,19
1525,2004,5,396,20
1526,2004,5,419,21
1527,2004,5,0,22
1528,2004,5,0,23
1529,2004,5,0,24
1530,2004,5,0,25
1531,2004,5,134,26
1532,2004,5,7,27
1533,2004,5,28,28
1534,2004,5,24,29
1535,2004,5,0,30
1536,2004,5,284,31
1537,2004,5,0,32
1538,2004,5,875,33
1539,2004,5,5,34
1540,2004,5,36,35
1541,2005,5,3,1
1542,2005,5,1234,2
1543,2005,5,0,3
1544,2005,5,17,4
1545,2005,5,20,5
1546,2005,5,1,6
1547,2005,5,95,7
1548,2005,5,0,8
1549,2005,5,0,9
1550,2005,5,124,10
1551,2005,5,3,11
1552,2005,5,58,12
1553,2005,5,107,13
1554,2005,5,15,14
1555,2005,5,216,15
1556,2005,5,34,16
1557,2005,5,35,17
1558,2005,5,160,18
1559,2005,5,0,19
1560,2005,5,387,20
1561,2005,5,502,21
1562,2005,5,0,22
1563,2005,5,0,23
1564,2005,5,0,24
1565,2005,5,0,25
1566,2005,5,85,26
1567,2005,5,12,27
1568,2005,5,22,28
1569,2005,5,17,29
1570,2005,5,0,30
1571,2005,5,341,31
1572,2005,5,1,32
1573,2005,5,983,33
1574,2005,5,22,34
1575,2005,5,42,35
1576,2006,5,1,1
1577,2006,5,1148,2
1578,2006,5,3,3
1579,2006,5,6,4
1580,2006,5,27,5
1581,2006,5,1,6
1582,2006,5,62,7
1583,2006,5,0,8
1584,2006,5,0,9
1585,2006,5,144,10
1586,2006,5,3,11
1587,2006,5,55,12
1588,2006,5,97,13
1589,2006,5,19,14
1590,2006,5,229,15
1591,2006,5,11,16
1592,2006,5,32,17
1593,2006,5,110,18
1594,2006,5,0,19
1595,2006,5,372,20
1596,2006,5,19,21
1597,2006,5,229,22
1598,2006,5,11,23
1599,2006,5,32,24
1600,2006,5,110,25
1601,2006,5,0,26
1602,2006,5,6,27
1603,2006,5,73,28
1604,2006,5,13,29
1605,2006,5,0,30
1606,2006,5,378,31
1607,2006,5,0,7
1608,2006,5,915,33
1609,2006,5,33,34
1610,2006,5,80,35
1611,2007,5,0,1
1612,2007,5,1455,2
1613,2007,5,0,3
1614,2007,5,14,4
1615,2007,5,16,5
1616,2007,5,13,6
1617,2007,5,57,7
1618,2007,5,0,8
1619,2007,5,0,9
1620,2007,5,151,10
1621,2007,5,7,11
1622,2007,5,73,12
1623,2007,5,164,13
1624,2007,5,22,14
1625,2007,5,176,15
1626,2007,5,142,16
1627,2007,5,25,17
1628,2007,5,117,18
1629,2007,5,0,19
1630,2007,5,392,20
1631,2007,5,19,21
1632,2007,5,229,22
1633,2007,5,11,23
1634,2007,5,32,24
1635,2007,5,110,25
1636,2007,5,0,26
1637,2007,5,9,27
1638,2007,5,18,28
1639,2007,5,15,29
1640,2007,5,0,30
1641,2007,5,420,31
1642,2007,5,1,32
1643,2007,5,1202,33
1644,2007,5,6,34
1645,2007,5,61,35
1646,2008,5,0,1
1647,2008,5,1659,2
1648,2008,5,0,3
1649,2008,5,1,4
1650,2008,5,4,5
1651,2008,5,1,6
1652,2008,5,48,7
1653,2008,5,1,8
1654,2008,5,0,9
1655,2008,5,99,10
1656,2008,5,4,11
1657,2008,5,129,12
1658,2008,5,145,13
1659,2008,5,14,14
1660,2008,5,140,15
1661,2008,5,82,16
1662,2008,5,33,17
1663,2008,5,104,18
1664,2008,5,0,19
1665,2008,5,539,20
1666,2008,5,673,21
1667,2008,5,0,22
1668,2008,5,0,23
1669,2008,5,0,24
1670,2008,5,0,25
1671,2008,5,160,26
1672,2008,5,2,27
1673,2008,5,26,28
1674,2008,5,17,29
1675,2008,5,0,30
1676,2008,5,560,31
1677,2008,5,1,32
1678,2008,5,1255,33
1679,2008,5,2,34
1680,2008,5,62,35
1681,2009,5,0,1
1682,2009,5,1911,2
1683,2009,5,0,3
1684,2009,5,5,4
1685,2009,5,31,5
1686,2009,5,8,6
1687,2009,5,81,7
1688,2009,5,0,8
1689,2009,5,0,9
1690,2009,5,60,10
1691,2009,5,9,11
1692,2009,5,82,12
1693,2009,5,191,13
1694,2009,5,8,14
1695,2009,5,181,15
1696,2009,5,15,16
1697,2009,5,24,17
1698,2009,5,158,18
1699,2009,5,0,19
1700,2009,5,273,7
1701,2009,5,602,21
1702,2009,5,10,22
1703,2009,5,12,23
1704,2009,5,5,24
1705,2009,5,0,25
1706,2009,5,55,26
1707,2009,5,0,27
1708,2009,5,98,28
1709,2009,5,0,29
1710,2009,5,0,30
1711,2009,5,45,31
1712,2009,5,0,32
1713,2009,5,0,33
1714,2009,5,0,34
1715,2009,5,0,35
1716,2010,5,19,1
1717,2010,5,1956,2
1718,2010,5,1956,3
1719,2010,5,1956,4
1720,2010,5,1956,5
1721,2010,5,11,6
1722,2010,5,82,7
1723,2010,5,0,8
1724,2010,5,1,9
1725,2010,5,52,10
1726,2010,5,4,11
1727,2010,5,112,12
1728,2010,5,156,13
1729,2010,5,14,14
1730,2010,5,134,15
1731,2010,5,17,16
1732,2010,5,27,17
1733,2010,5,190,18
1734,2010,5,0,19
1735,2010,5,454,20
1736,2010,5,789,21
1737,2010,5,0,22
1738,2010,5,0,23
1739,2010,5,0,24
1740,2010,5,0,25
1741,2010,5,233,26
1742,2010,5,17,27
1743,2010,5,16,28
1744,2010,5,4,29
1745,2010,5,0,30
1746,2010,5,419,31
1747,2010,5,7,32
1748,2010,5,1095,33
1749,2010,5,79,34
1750,2010,5,68,35
1751,2001,6,6,1
1752,2001,6,4933,2
1753,2001,6,0,3
1754,2001,6,409,4
1755,2001,6,1512,5
1756,2001,6,34,6
1757,2001,6,314,7
1758,2001,6,0,8
1759,2001,6,7,9
1760,2001,6,136,10
1761,2001,6,59,11
1762,2001,6,4498,12
1763,2001,6,2161,13
1764,2001,6,248,14
1765,2001,6,69,15
1766,2001,6,475,16
1767,2001,6,2192,17
1768,2001,6,2211,18
1769,2001,6,0,19
1770,2001,6,2092,20
1771,2001,6,15151,21
1772,2001,6,13,22
1773,2001,6,82,23
1774,2001,6,78,24
1775,2001,6,0,25
1776,2001,6,1402,26
1777,2001,6,6,27
1778,2001,6,830,28
1779,2001,6,3155,29
1780,2001,6,0,30
1781,2001,6,575,31
1782,2001,6,98,32
1783,2001,6,4313,33
1784,2001,6,137,34
1785,2001,6,3675,35
1786,2002,6,3,1
1787,2002,6,4855,2
1788,2002,6,0,3
1789,2002,6,861,4
1790,2002,6,1202,5
1791,2002,6,17,6
1792,2002,6,942,7
1793,2002,6,14,7
1794,2002,6,5,9
1795,2002,6,375,10
1796,2002,6,11,11
1797,2002,6,4355,12
1798,2002,6,2540,13
1799,2002,6,317,14
1800,2002,6,58,15
1801,2002,6,858,16
1802,2002,6,2526,17
1803,2002,6,2467,18
1804,2002,6,0,19
1805,2002,6,2883,20
1806,2002,6,15882,21
1807,2002,6,0,22
1808,2002,6,0,23
1809,2002,6,0,24
1810,2002,6,0,25
1811,2002,6,1140,26
1812,2002,6,1,27
1813,2002,6,588,28
1814,2002,6,4144,29
1815,2002,6,0,30
1816,2002,6,837,31
1817,2002,6,151,32
1818,2002,6,5874,33
1819,2002,6,77,34
1820,2002,6,4314,35
1821,2003,6,2,1
1822,2003,6,8370,2
1823,2003,6,0,3
1824,2003,6,1213,4
1825,2003,6,1649,5
1826,2003,6,16,6
1827,2003,6,337,7
1828,2003,6,0,8
1829,2003,6,2,9
1830,2003,6,649,10
1831,2003,6,8,11
1832,2003,6,4187,12
1833,2003,6,2266,13
1834,2003,6,288,14
1835,2003,6,46,15
1836,2003,6,623,16
1837,2003,6,2775,17
1838,2003,6,2720,18
1839,2003,6,0,19
1840,2003,6,2970,20
1841,2003,6,14888,21
1842,2003,6,0,22
1843,2003,6,0,23
1844,2003,6,0,24
1845,2003,6,0,25
1846,2003,6,1434,26
1847,2003,6,6,27
1848,2003,6,742,28
1849,2003,6,2818,29
1850,2003,6,0,30
1851,2003,6,981,31
1852,2003,6,176,32
1853,2003,6,3337,33
1854,2003,6,93,34
1855,2003,6,5013,35
1856,2004,6,7,1
1857,2004,6,6544,2
1858,2004,6,0,3
1859,2004,6,1779,4
1860,2004,6,1654,5
1861,2004,6,26,6
1862,2004,6,1008,7
1863,2004,6,8,8
1864,2004,6,12,9
1865,2004,6,352,10
1866,2004,6,21,11
1867,2004,6,4335,12
1868,2004,6,2985,13
1869,2004,6,278,14
1870,2004,6,33,15
1871,2004,6,603,16
1872,2004,6,2215,17
1873,2004,6,3650,18
1874,2004,6,0,19
1875,2004,6,2964,20
1876,2004,6,13393,21
1877,2004,6,0,22
1878,2004,6,0,23
1879,2004,6,0,24
1880,2004,6,0,25
1881,2004,6,1144,26
1882,2004,6,9,27
1883,2004,6,1046,28
1884,2004,6,3365,29
1885,2004,6,0,30
1886,2004,6,1586,12
1887,2004,6,154,32
1888,2004,6,3610,33
1889,2004,6,117,34
1890,2004,6,3588,35
1891,2005,6,0,1
1892,2005,6,6777,2
1893,2005,6,2,3
1894,2005,6,1591,4
1895,2005,6,1655,5
1896,2005,6,21,6
1897,2005,6,791,7
1898,2005,6,8,8
1899,2005,6,3,9
1900,2005,6,588,10
1901,2005,6,8,11
1902,2005,6,4515,12
1903,2005,6,2227,13
1904,2005,6,481,14
1905,2005,6,56,15
1906,2005,6,466,16
1907,2005,6,2854,17
1908,2005,6,3907,18
1909,2005,6,0,19
1910,2005,6,4135,20
1911,2005,6,14055,21
1912,2005,6,0,22
1913,2005,6,3,23
1914,2005,6,0,24
1915,2005,6,0,25
1916,2005,6,1239,26
1917,2005,6,2,27
1918,2005,6,749,28
1919,2005,6,2380,29
1920,2005,6,0,30
1921,2005,6,1731,31
1922,2005,6,473,32
1923,2005,6,4232,33
1924,2005,6,105,34
1925,2005,6,4859,35
1926,2006,6,0,1
1927,2006,6,8908,2
1928,2006,6,2,3
1929,2006,6,1496,4
1930,2006,6,2066,5
1931,2006,6,29,6
1932,2006,6,830,7
1933,2006,6,8,8
1934,2006,6,8,9
1935,2006,6,403,10
1936,2006,6,10,11
1937,2006,6,4955,12
1938,2006,6,1872,13
1939,2006,6,258,14
1940,2006,6,41,15
1941,2006,6,76,16
1942,2006,6,3315,17
1943,2006,6,5172,18
1944,2006,6,0,19
1945,2006,6,2837,20
1946,2006,6,11943,21
1947,2006,6,0,22
1948,2006,6,0,23
1949,2006,6,0,24
1950,2006,6,1,25
1951,2006,6,1058,26
1952,2006,6,3,27
1953,2006,6,811,28
1954,2006,6,3402,29
1955,2006,6,1,30
1956,2006,6,1964,31
1957,2006,6,470,32
1958,2006,6,4084,33
1959,2006,6,132,34
1960,2006,6,5142,35
1961,2007,6,6,1
1962,2007,6,8737,2
1963,2007,6,2,3
1964,2007,6,1734,4
1965,2007,6,2269,5
1966,2007,6,44,6
1967,2007,6,791,7
1968,2007,6,3,8
1969,2007,6,0,9
1970,2007,6,416,10
1971,2007,6,35,11
1972,2007,6,5757,12
1973,2007,6,2037,13
1974,2007,6,330,14
1975,2007,6,66,15
1976,2007,6,845,16
1977,2007,6,3086,17
1978,2007,6,5162,18
1979,2007,6,0,12
1980,2007,6,3642,20
1981,2007,6,12956,21
1982,2007,6,0,22
1983,2007,6,0,23
1984,2007,6,0,24
1985,2007,6,0,25
1986,2007,6,774,26
1987,2007,6,10,27
1988,2007,6,1045,28
1989,2007,6,2962,29
1990,2007,6,0,30
1991,2007,6,1818,31
1992,2007,6,526,32
1993,2007,6,7137,33
1994,2007,6,198,34
1995,2007,6,6714,35
1996,2008,6,2,1
1997,2008,6,7448,2
1998,2008,6,3,3
1999,2008,6,1620,4
2000,2008,6,2043,5
2001,2008,6,40,6
2002,2008,6,852,7
2003,2008,6,9,8
2004,2008,6,5,9
2005,2008,6,878,10
2006,2008,6,25,11
2007,2008,6,7833,12
2008,2008,6,2549,13
2009,2008,6,301,14
2010,2008,6,72,15
2011,2008,6,649,16
2012,2008,6,3105,17
2013,2008,6,4533,18
2014,2008,6,0,19
2015,2008,6,4609,20
2016,2008,6,14888,21
2017,2008,6,0,22
2018,2008,6,2,23
2019,2008,6,0,24
2020,2008,6,1,25
2021,2008,6,1126,26
2022,2008,6,8,27
2023,2008,6,892,28
2024,2008,6,3203,29
2025,2008,6,0,30
2026,2008,6,1495,31
2027,2008,6,445,32
2028,2008,6,7767,33
2029,2008,6,381,34
2030,2008,6,6495,35
2031,2009,6,3,1
2032,2009,6,9626,2
2033,2009,6,4,3
2034,2009,6,1508,4
2035,2009,6,2635,5
2036,2009,6,36,6
2037,2009,6,997,7
2038,2009,6,6,8
2039,2009,6,15,9
2040,2009,6,480,10
2041,2009,6,35,12
2042,2009,6,8876,12
2043,2009,6,2602,13
2044,2009,6,350,14
2045,2009,6,51,15
2046,2009,6,756,16
2047,2009,6,3567,17
2048,2009,6,4769,18
2049,2009,6,1,19
2050,2009,6,4695,20
2051,2009,6,14859,21
2052,2009,6,0,22
2053,2009,6,2,23
2054,2009,6,0,24
2055,2009,6,0,25
2056,2009,6,1603,26
2057,2009,6,26,27
2058,2009,6,914,28
2059,2009,6,2919,29
2060,2009,6,0,30
2061,2009,6,2089,31
2062,2009,6,511,32
2063,2009,6,8041,33
2064,2009,6,135,34
2065,2009,6,7222,35
2066,2010,6,2,1
2067,2010,6,10464,2
2068,2010,6,2,3
2069,2010,6,2010,4
2070,2010,6,2421,5
2071,2010,6,77,6
2072,2010,6,1169,7
2073,2010,6,0,8
2074,2010,6,2,9
2075,2010,6,719,10
2076,2010,6,12,11
2077,2010,6,9050,12
2078,2010,6,3631,13
2079,2010,6,309,14
2080,2010,6,69,15
2081,2010,6,1688,16
2082,2010,6,3921,17
2083,2010,6,4692,18
2084,2010,6,0,19
2085,2010,6,4552,20
2086,2010,6,18221,21
2087,2010,6,0,22
2088,2010,6,2,23
2089,2010,6,0,24
2090,2010,6,0,25
2091,2010,6,2380,26
2092,2010,6,13,27
2093,2010,6,1010,28
2094,2010,6,2701,29
2095,2010,6,0,30
2096,2010,6,1917,31
2097,2010,6,632,32
2098,2010,6,10430,33
2099,2010,6,586,34
2100,2010,6,7768,35
2101,2001,7,0,1
2102,2001,7,7,2
2103,2001,7,3429,11
2104,2001,7,225,4
2105,2001,7,11266,5
2106,2001,7,439,6
2107,2001,7,5675,7
2108,2001,7,18,8
2109,2001,7,10203,9
2110,2001,7,9,10
2111,2001,7,2200,11
2112,2001,7,4720,12
2113,2001,7,89,13
2114,2001,7,4055,14
2115,2001,7,36,15
2116,2001,7,30,16
2117,2001,7,0,17
2118,2001,7,0,18
2119,2001,7,0,19
2120,2001,7,0,20
2121,2001,7,8908,21
2122,2001,7,2,22
2123,2001,7,1496,23
2124,2001,7,2066,24
2125,2001,7,29,25
2126,2001,7,830,26
2127,2001,7,8,27
2128,2001,7,8,28
2129,2001,7,0,29
2130,2001,7,0,30
2131,2001,7,4,31
2132,2001,7,0,32
2133,2001,7,0,33
2134,2001,7,0,11
2135,2001,7,0,35
2136,2002,7,0,1
2137,2002,7,0,2
2138,2002,7,0,3
2139,2002,7,0,4
2140,2002,7,18,5
2141,2002,7,0,6
2142,2002,7,0,7
2143,2002,7,0,8
2144,2002,7,0,9
2145,2002,7,0,10
2146,2002,7,0,11
2147,2002,7,0,12
2148,2002,7,0,13
2149,2002,7,0,14
2150,2002,7,0,15
2151,2002,7,16,16
2152,2002,7,0,17
2153,2002,7,0,18
2154,2002,7,0,19
2155,2002,7,0,20
2156,2002,7,11,21
2157,2002,7,0,22
2158,2002,7,0,23
2159,2002,7,0,24
2160,2002,7,0,25
2161,2002,7,0,26
2162,2002,7,0,27
2163,2002,7,0,28
2164,2002,7,2,29
2165,2002,7,0,11
2166,2002,7,6,31
2167,2002,7,0,32
2168,2002,7,0,33
2169,2002,7,7,34
2170,2002,7,0,35
2171,2003,7,0,1
2172,2003,7,2,2
2173,2003,7,0,3
2174,2003,7,0,4
2175,2003,7,14,5
2176,2003,7,0,6
2177,2003,7,0,7
2178,2003,7,0,8
2179,2003,7,0,9
2180,2003,7,0,10
2181,2003,7,0,11
2182,2003,7,0,12
2183,2003,7,0,13
2184,2003,7,0,14
2185,2003,7,0,15
2186,2003,7,22,16
2187,2003,7,0,17
2188,2003,7,0,18
2189,2003,7,0,19
2190,2003,7,0,20
2191,2003,7,0,21
2192,2003,7,0,22
2193,2003,7,0,23
2194,2003,7,0,24
2195,2003,7,0,25
2196,2003,7,0,26
2197,2003,7,808,27
2198,2003,7,2,28
2199,2003,7,149,29
2200,2003,7,66,30
2201,2003,7,29,31
2202,2003,7,830,32
2203,2003,7,8,33
2204,2003,7,8,34
2205,2003,7,0,35
2206,2004,7,0,1
2207,2004,7,1,2
2208,2004,7,0,3
2209,2004,7,0,4
2210,2004,7,8,5
2211,2004,7,0,6
2212,2004,7,0,7
2213,2004,7,0,8
2214,2004,7,0,9
2215,2004,7,0,10
2216,2004,7,0,11
2217,2004,7,7,12
2218,2004,7,3429,13
2219,2004,7,225,14
2220,2004,7,11266,15
2221,2004,7,439,16
2222,2004,7,5675,17
2223,2004,7,18,18
2224,2004,7,10203,19
2225,2004,7,9,20
2226,2004,7,2200,21
2227,2004,7,4720,11
2228,2004,7,89,23
2229,2004,7,4055,24
2230,2004,7,36,25
2231,2004,7,30,26
2232,2004,7,0,27
2233,2004,7,0,28
2234,2004,7,5,29
2235,2004,7,0,30
2236,2004,7,0,31
2237,2004,7,0,32
2238,2004,7,0,33
2239,2004,7,0,34
2240,2004,7,2,35
2241,2005,7,0,1
2242,2005,7,3,2
2243,2005,7,0,3
2244,2005,7,0,4
2245,2005,7,14,5
2246,2005,7,0,6
2247,2005,7,0,7
2248,2005,7,0,8
2249,2005,7,0,9
2250,2005,7,334,10
2251,2005,7,965,11
2252,2005,7,0,12
2253,2005,7,419,13
2254,2005,7,43,14
2255,2005,7,981,15
2256,2005,7,63,16
2257,2005,7,575,17
2258,2005,7,4,18
2259,2005,7,1036,19
2260,2005,7,2,20
2261,2005,7,478,21
2262,2005,7,1037,22
2263,2005,7,23,23
2264,2005,7,630,24
2265,2005,7,12,25
2266,2005,7,0,26
2267,2005,7,510,27
2268,2005,7,10,28
2269,2005,7,335,29
2270,2005,7,355,30
2271,2005,7,136,31
2272,2005,7,143,32
2273,2005,7,354,33
2274,2005,7,378,34
2275,2005,7,344,35
2276,2006,7,0,1
2277,2006,7,5,2
2278,2006,7,0,3
2279,2006,7,0,4
2280,2006,7,20,5
2281,2006,7,0,6
2282,2006,7,0,7
2283,2006,7,10,8
2284,2006,7,50,9
2285,2006,7,0,10
2286,2006,7,0,11
2287,2006,7,0,12
2288,2006,7,808,13
2289,2006,7,2,11
2290,2006,7,149,15
2291,2006,7,66,16
2292,2006,7,29,17
2293,2006,7,830,18
2294,2006,7,8,19
2295,2006,7,8,20
2296,2006,7,0,21
2297,2006,7,0,22
2298,2006,7,0,23
2299,2006,7,0,24
2300,2006,7,0,25
2301,2006,7,0,26
2302,2006,7,47,27
2303,2006,7,0,28
2304,2006,7,2,29
2305,2006,7,0,30
2306,2006,7,0,31
2307,2006,7,0,32
2308,2006,7,0,33
2309,2006,7,0,34
2310,2006,7,3,35
2311,2007,7,0,1
2312,2007,7,0,2
2313,2007,7,0,3
2314,2007,7,0,4
2315,2007,7,43,5
2316,2007,7,0,6
2317,2007,7,3,7
2318,2007,7,0,8
2319,2007,7,0,9
2320,2007,7,0,10
2321,2007,7,0,11
2322,2007,7,0,12
2323,2007,7,808,13
2324,2007,7,2,14
2325,2007,7,149,15
2326,2007,7,66,16
2327,2007,7,29,17
2328,2007,7,830,18
2329,2007,7,8,19
2330,2007,7,8,20
2331,2007,7,2,21
2332,2007,7,0,22
2333,2007,7,0,23
2334,2007,7,7,24
2335,2007,7,3429,25
2336,2007,7,225,26
2337,2007,7,11266,27
2338,2007,7,439,28
2339,2007,7,5675,29
2340,2007,7,18,30
2341,2007,7,10203,31
2342,2007,7,9,32
2343,2007,7,2200,33
2344,2007,7,4720,34
2345,2007,7,89,35
2346,2008,7,4055,1
2347,2008,7,36,2
2348,2008,7,30,3
2349,2008,7,2,4
2350,2008,7,37,5
2351,2008,7,0,11
2352,2008,7,0,7
2353,2008,7,0,8
2354,2008,7,0,9
2355,2008,7,0,10
2356,2008,7,0,11
2357,2008,7,0,12
2358,2008,7,0,13
2359,2008,7,0,14
2360,2008,7,0,15
2361,2008,7,19,16
2362,2008,7,0,17
2363,2008,7,0,18
2364,2008,7,0,19
2365,2008,7,0,20
2366,2008,7,0,21
2367,2008,7,1956,22
2368,2008,7,1956,23
2369,2008,7,1956,24
2370,2008,7,1956,25
2371,2008,7,1956,26
2372,2008,7,1956,27
2373,2008,7,1956,28
2374,2008,7,1956,29
2375,2008,7,0,30
2376,2008,7,0,31
2377,2008,7,0,32
2378,2008,7,0,33
2379,2008,7,0,34
2380,2008,7,29,35
2381,2009,7,0,1
2382,2009,7,0,2
2383,2009,7,0,3
2384,2009,7,7,4
2385,2009,7,3429,5
2386,2009,7,225,6
2387,2009,7,11266,7
2388,2009,7,439,8
2389,2009,7,5675,9
2390,2009,7,18,10
2391,2009,7,10203,11
2392,2009,7,9,12
2393,2009,7,2200,13
2394,2009,7,4720,14
2395,2009,7,89,15
2396,2009,7,4055,16
2397,2009,7,36,17
2398,2009,7,30,18
2399,2009,7,0,19
2400,2009,7,0,20
2401,2009,7,1956,21
2402,2009,7,1956,22
2403,2009,7,1956,23
2404,2009,7,1956,24
2405,2009,7,1956,25
2406,2009,7,1956,26
2407,2009,7,1956,27
2408,2009,7,1956,28
2409,2009,7,808,29
2410,2009,7,2,30
2411,2009,7,149,31
2412,2009,7,66,32
2413,2009,7,29,11
2414,2009,7,830,34
2415,2009,7,8,35
2416,2010,7,8,1
2417,2010,7,0,2
2418,2010,7,0,3
2419,2010,7,0,4
2420,2010,7,10,5
2421,2010,7,0,6
2422,2010,7,0,7
2423,2010,7,0,8
2424,2010,7,0,9
2425,2010,7,0,10
2426,2010,7,0,11
2427,2010,7,0,12
2428,2010,7,0,13
2429,2010,7,0,14
2430,2010,7,0,15
2431,2010,7,5,16
2432,2010,7,0,17
2433,2010,7,0,18
2434,2010,7,0,19
2435,2010,7,2,20
2436,2010,7,10,21
2437,2010,7,12,22
2438,2010,7,5,23
2439,2010,7,0,24
2440,2010,7,55,25
2441,2010,7,0,26
2442,2010,7,98,27
2443,2010,7,0,28
2444,2010,7,0,29
2445,2010,7,45,30
2446,2010,7,0,31
2447,2010,7,0,32
2448,2010,7,0,33
2449,2010,7,0,34
2450,2010,7,19,35
2451,2001,12,1956,1
2452,2001,12,1956,2
2453,2001,12,1956,3
2454,2001,12,1956,4
2455,2001,12,1956,5
2456,2001,12,1956,6
2457,2001,12,1956,7
2458,2001,12,1956,8
2459,2001,12,1956,9
2460,2001,12,1956,10
2461,2001,12,1956,11
2462,2001,12,1956,12
2463,2001,12,1956,13
2464,2001,12,1956,14
2465,2001,12,1956,15
2466,2001,12,1956,16
2467,2001,12,1956,17
2468,2001,12,1956,18
2469,2001,12,1956,19
2470,2001,12,1956,20
2471,2001,12,1956,21
2472,2001,12,1956,22
2473,2001,12,1956,23
2474,2001,12,1956,24
2475,2001,12,1956,11
2476,2001,12,1956,26
2477,2001,12,1956,27
2478,2001,12,1956,28
2479,2001,12,1956,29
2480,2001,12,1956,30
2481,2001,12,1956,31
2482,2001,12,1956,32
2483,2001,12,1956,33
2484,2001,12,1956,34
2485,2001,12,1956,35
2486,2002,12,1956,1
2487,2002,12,1956,2
2488,2002,12,1956,3
2489,2002,12,1956,4
2490,2002,12,1956,5
2491,2002,12,1956,6
2492,2002,12,1956,7
2493,2002,12,1956,8
2494,2002,12,1956,9
2495,2002,12,1956,10
2496,2002,12,1956,11
2497,2002,12,1956,12
2498,2002,12,1956,13
2499,2002,12,1956,14
2500,2002,12,1956,15
2501,2002,12,1956,16
2502,2002,12,1956,17
2503,2002,12,1956,18
2504,2002,12,1956,19
2505,2002,12,1956,20
2506,2002,12,1956,21
2507,2002,12,1956,22
2508,2002,12,1956,23
2509,2002,12,1956,24
2510,2002,12,1956,25
2511,2002,12,1956,26
2512,2002,12,1956,27
2513,2002,12,1956,28
2514,2002,12,1956,29
2515,2002,12,1956,30
2516,2002,12,1956,31
2517,2002,12,1956,32
2518,2002,12,1956,33
2519,2002,12,1956,34
2520,2002,12,1956,35
2521,2003,12,1956,1
2522,2003,12,1956,2
2523,2003,12,1956,3
2524,2003,12,1956,4
2525,2003,12,1956,5
2526,2003,12,1956,6
2527,2003,12,1956,7
2528,2003,12,1956,8
2529,2003,12,1956,9
2530,2003,12,1956,10
2531,2003,12,1956,11
2532,2003,12,1956,12
2533,2003,12,1956,13
2534,2003,12,1956,14
2535,2003,12,1956,15
2536,2003,12,1956,16
2537,2003,12,1956,22
2538,2003,12,1956,18
2539,2003,12,1956,19
2540,2003,12,1956,20
2541,2003,12,1956,21
2542,2003,12,1956,22
2543,2003,12,1956,23
2544,2003,12,1956,24
2545,2003,12,1956,25
2546,2003,12,1956,26
2547,2003,12,1956,27
2548,2003,12,1956,28
2549,2003,12,1956,29
2550,2003,12,1956,30
2551,2003,12,1956,31
2552,2003,12,1956,32
2553,2003,12,1956,33
2554,2003,12,1956,34
2555,2003,12,1956,35
2556,2004,12,1956,1
2557,2004,12,1956,2
2558,2004,12,1956,3
2559,2004,12,7,4
2560,2004,12,3429,5
2561,2004,12,225,6
2562,2004,12,11266,7
2563,2004,12,439,8
2564,2004,12,5675,9
2565,2004,12,18,10
2566,2004,12,10203,11
2567,2004,12,9,12
2568,2004,12,2200,22
2569,2004,12,4720,14
2570,2004,12,89,15
2571,2004,12,4055,16
2572,2004,12,36,17
2573,2004,12,30,18
2574,2004,12,1956,19
2575,2004,12,1956,20
2576,2004,12,1956,21
2577,2004,12,1956,22
2578,2004,12,1956,23
2579,2004,12,1956,24
2580,2004,12,1956,25
2581,2004,12,1956,26
2582,2004,12,1956,27
2583,2004,12,1956,28
2584,2004,12,1956,29
2585,2004,12,1956,30
2586,2004,12,1956,31
2587,2004,12,1956,32
2588,2004,12,1956,33
2589,2004,12,1956,34
2590,2004,12,1956,35
2591,2005,12,1956,1
2592,2005,12,1956,2
2593,2005,12,1956,3
2594,2005,12,1956,4
2595,2005,12,1956,5
2596,2005,12,1956,6
2597,2005,12,1956,7
2598,2005,12,1956,8
2599,2005,12,1956,9
2600,2005,12,1956,10
2601,2005,12,1956,11
2602,2005,12,1956,12
2603,2005,12,1956,13
2604,2005,12,1956,14
2605,2005,12,1956,15
2606,2005,12,1956,16
2607,2005,12,1956,17
2608,2005,12,1956,18
2609,2005,12,1956,19
2610,2005,12,1956,20
2611,2005,12,1956,21
2612,2005,12,1956,22
2613,2005,12,1956,23
2614,2005,12,1956,24
2615,2005,12,0,25
2616,2005,12,334,26
2617,2005,12,965,27
2618,2005,12,0,28
2619,2005,12,419,29
2620,2005,12,43,30
2621,2005,12,981,31
2622,2005,12,63,32
2623,2005,12,575,33
2624,2005,12,4,34
2625,2005,12,1036,35
2626,2006,12,2,1
2627,2006,12,478,2
2628,2006,12,1037,3
2629,2006,12,23,4
2630,2006,12,630,22
2631,2006,12,12,6
2632,2006,12,0,7
2633,2006,12,510,8
2634,2006,12,10,9
2635,2006,12,335,10
2636,2006,12,355,11
2637,2006,12,136,12
2638,2006,12,143,13
2639,2006,12,354,14
2640,2006,12,378,15
2641,2006,12,344,16
2642,2006,12,1956,17
2643,2006,12,1956,18
2644,2006,12,1956,19
2645,2006,12,1956,20
2646,2006,12,1956,21
2647,2006,12,1956,22
2648,2006,12,1956,23
2649,2006,12,1956,24
2650,2006,12,1956,25
2651,2006,12,1956,26
2652,2006,12,1956,27
2653,2006,12,1956,28
2654,2006,12,1956,29
2655,2006,12,1956,30
2656,2006,12,1956,31
2657,2006,12,1956,32
2658,2006,12,1956,33
2659,2006,12,1956,34
2660,2006,12,1956,35
2661,2007,12,1956,1
2662,2007,12,1956,2
2663,2007,12,1956,3
2664,2007,12,1956,4
2665,2007,12,1956,5
2666,2007,12,1956,6
2667,2007,12,1956,7
2668,2007,12,1956,8
2669,2007,12,1956,9
2670,2007,12,1956,10
2671,2007,12,1956,11
2672,2007,12,1956,12
2673,2007,12,1956,13
2674,2007,12,1956,14
2675,2007,12,1956,15
2676,2007,12,1956,16
2677,2007,12,1956,17
2678,2007,12,1956,18
2679,2007,12,1956,19
2680,2007,12,1956,20
2681,2007,12,1956,21
2682,2007,12,0,22
2683,2007,12,334,23
2684,2007,12,965,24
2685,2007,12,0,25
2686,2007,12,419,26
2687,2007,12,43,27
2688,2007,12,981,28
2689,2007,12,63,29
2690,2007,12,575,30
2691,2007,12,4,31
2692,2007,12,1036,22
2693,2007,12,2,33
2694,2007,12,478,34
2695,2007,12,1037,35
2696,2008,12,23,1
2697,2008,12,630,2
2698,2008,12,12,3
2699,2008,12,0,4
2700,2008,12,510,5
2701,2008,12,10,6
2702,2008,12,335,7
2703,2008,12,355,8
2704,2008,12,136,9
2705,2008,12,143,10
2706,2008,12,354,11
2707,2008,12,378,12
2708,2008,12,344,13
2709,2008,12,1956,14
2710,2008,12,1956,15
2711,2008,12,1956,16
2712,2008,12,1956,17
2713,2008,12,1956,18
2714,2008,12,1956,19
2715,2008,12,1956,20
2716,2008,12,1956,21
2717,2008,12,1956,22
2718,2008,12,1956,23
2719,2008,12,1956,24
2720,2008,12,1956,25
2721,2008,12,1956,26
2722,2008,12,1956,27
2723,2008,12,1956,28
2724,2008,12,1956,29
2725,2008,12,1956,30
2726,2008,12,1956,31
2727,2008,12,1956,32
2728,2008,12,1956,33
2729,2008,12,1956,34
2730,2008,12,1956,35
2731,2009,12,1956,1
2732,2009,12,1956,2
2733,2009,12,1956,3
2734,2009,12,1956,4
2735,2009,12,1956,5
2736,2009,12,1956,6
2737,2009,12,1956,7
2738,2009,12,1956,8
2739,2009,12,1956,9
2740,2009,12,1956,10
2741,2009,12,1956,11
2742,2009,12,1956,12
2743,2009,12,1956,13
2744,2009,12,1956,14
2745,2009,12,1956,15
2746,2009,12,1956,16
2747,2009,12,1956,17
2748,2009,12,1956,18
2749,2009,12,0,19
2750,2009,12,334,20
2751,2009,12,965,21
2752,2009,12,0,22
2753,2009,12,419,23
2754,2009,12,43,22
2755,2009,12,981,25
2756,2009,12,63,26
2757,2009,12,575,27
2758,2009,12,4,28
2759,2009,12,1036,29
2760,2009,12,2,30
2761,2009,12,478,31
2762,2009,12,1037,32
2763,2009,12,23,33
2764,2009,12,630,34
2765,2009,12,12,35
2766,2010,12,0,1
2767,2010,12,510,2
2768,2010,12,10,3
2769,2010,12,335,4
2770,2010,12,355,5
2771,2010,12,136,6
2772,2010,12,143,7
2773,2010,12,354,8
2774,2010,12,378,9
2775,2010,12,344,10
2776,2010,12,1956,11
2777,2010,12,1956,12
2778,2010,12,1956,13
2779,2010,12,1956,14
2780,2010,12,1956,15
2781,2010,12,1956,16
2782,2010,12,1956,17
2783,2010,12,1956,18
2784,2010,12,1956,19
2785,2010,12,1956,20
2786,2010,12,1956,21
2787,2010,12,1956,22
2788,2010,12,1956,23
2789,2010,12,1956,24
2790,2010,12,1956,25
2791,2010,12,1956,26
2792,2010,12,1956,27
2793,2010,12,1956,28
2794,2010,12,1956,29
2795,2010,12,1956,30
2796,2010,12,1956,31
2797,2010,12,1956,32
2798,2010,12,1956,33
2799,2010,12,1956,34
2800,2010,12,1956,35
2801,2001,11,1961,1
2802,2001,11,1961,2
2803,2001,11,1961,3
2804,2001,11,1961,4
2805,2001,11,1961,5
2806,2001,11,1961,6
2807,2001,11,1961,7
2808,2001,11,1961,8
2809,2001,11,1961,9
2810,2001,11,1961,10
2811,2001,11,1961,11
2812,2001,11,0,12
2813,2001,11,334,13
2814,2001,11,965,14
2815,2001,11,0,15
2816,2001,11,419,22
2817,2001,11,43,17
2818,2001,11,981,18
2819,2001,11,63,19
2820,2001,11,575,20
2821,2001,11,4,21
2822,2001,11,1036,22
2823,2001,11,2,23
2824,2001,11,478,24
2825,2001,11,1037,25
2826,2001,11,23,26
2827,2001,11,630,27
2828,2001,11,12,28
2829,2001,11,0,29
2830,2001,11,510,30
2831,2001,11,10,31
2832,2001,11,335,32
2833,2001,11,355,33
2834,2001,11,136,34
2835,2001,11,143,35
2836,2002,11,354,1
2837,2002,11,378,2
2838,2002,11,344,3
2839,2002,11,1961,4
2840,2002,11,1961,5
2841,2002,11,1961,6
2842,2002,11,1961,7
2843,2002,11,1961,8
2844,2002,11,1961,9
2845,2002,11,1961,10
2846,2002,11,1961,11
2847,2002,11,1961,12
2848,2002,11,1961,13
2849,2002,11,1961,14
2850,2002,11,1961,15
2851,2002,11,1961,16
2852,2002,11,1961,17
2853,2002,11,1961,18
2854,2002,11,1961,19
2855,2002,11,1961,20
2856,2002,11,1961,21
2857,2002,11,1961,22
2858,2002,11,1961,23
2859,2002,11,1961,24
2860,2002,11,1961,25
2861,2002,11,1961,26
2862,2002,11,1961,27
2863,2002,11,1961,28
2864,2002,11,1961,29
2865,2002,11,1961,30
2866,2002,11,1961,31
2867,2002,11,1961,32
2868,2002,11,1961,33
2869,2002,11,1961,34
2870,2002,11,1961,35
2871,2003,11,1961,1
2872,2003,11,1961,2
2873,2003,11,1961,3
2874,2003,11,1961,4
2875,2003,11,1961,5
2876,2003,11,1961,6
2877,2003,11,1961,7
2878,2003,11,1961,22
2879,2003,11,1961,9
2880,2003,11,1961,10
2881,2003,11,1961,11
2882,2003,11,1961,12
2883,2003,11,1961,13
2884,2003,11,1961,14
2885,2003,11,1961,15
2886,2003,11,1961,16
2887,2003,11,1961,17
2888,2003,11,1961,18
2889,2003,11,1961,19
2890,2003,11,1961,20
2891,2003,11,1961,21
2892,2003,11,1961,22
2893,2003,11,1961,23
2894,2003,11,1961,24
2895,2003,11,1961,25
2896,2003,11,1961,26
2897,2003,11,1961,27
2898,2003,11,1961,28
2899,2003,11,1961,29
2900,2003,11,1961,30
2901,2003,11,1961,31
2902,2003,11,1961,32
2903,2003,11,1961,33
2904,2003,11,1961,34
2905,2003,11,1961,35
2906,2004,11,1961,1
2907,2004,11,0,2
2908,2004,11,334,3
2909,2004,11,965,4
2910,2004,11,0,5
2911,2004,11,419,6
2912,2004,11,43,7
2913,2004,11,981,8
2914,2004,11,63,9
2915,2004,11,575,10
2916,2004,11,4,11
2917,2004,11,1036,12
2918,2004,11,2,13
2919,2004,11,478,14
2920,2004,11,1037,15
2921,2004,11,23,16
2922,2004,11,630,17
2923,2004,11,12,18
2924,2004,11,0,19
2925,2004,11,510,20
2926,2004,11,10,21
2927,2004,11,335,22
2928,2004,11,355,23
2929,2004,11,136,24
2930,2004,11,143,25
2931,2004,11,354,26
2932,2004,11,378,27
2933,2004,11,344,28
2934,2004,11,1961,29
2935,2004,11,1961,30
2936,2004,11,1961,31
2937,2004,11,1961,32
2938,2004,11,1961,33
2939,2004,11,1961,34
2940,2004,11,0,22
2941,2005,11,334,1
2942,2005,11,965,2
2943,2005,11,0,3
2944,2005,11,419,4
2945,2005,11,43,5
2946,2005,11,981,6
2947,2005,11,63,7
2948,2005,11,575,8
2949,2005,11,4,9
2950,2005,11,1036,10
2951,2005,11,2,11
2952,2005,11,478,12
2953,2005,11,1037,13
2954,2005,11,23,14
2955,2005,11,630,15
2956,2005,11,12,16
2957,2005,11,0,17
2958,2005,11,510,18
2959,2005,11,10,19
2960,2005,11,335,20
2961,2005,11,355,21
2962,2005,11,136,22
2963,2005,11,143,23
2964,2005,11,354,24
2965,2005,11,378,25
2966,2005,11,344,26
2967,2005,11,1961,27
2968,2005,11,1961,28
2969,2005,11,1961,29
2970,2005,11,1961,30
2971,2005,11,1961,22
2972,2005,11,1961,32
2973,2005,11,1961,33
2974,2005,11,0,34
2975,2005,11,334,35
2976,2006,11,965,1
2977,2006,11,0,2
2978,2006,11,419,3
2979,2006,11,43,4
2980,2006,11,981,5
2981,2006,11,63,6
2982,2006,11,575,7
2983,2006,11,4,8
2984,2006,11,1036,9
2985,2006,11,2,10
2986,2006,11,478,11
2987,2006,11,1037,12
2988,2006,11,23,13
2989,2006,11,630,14
2990,2006,11,12,15
2991,2006,11,0,16
2992,2006,11,510,17
2993,2006,11,10,18
2994,2006,11,335,19
2995,2006,11,355,20
2996,2006,11,136,21
2997,2006,11,143,22
2998,2006,11,354,23
2999,2006,11,378,24
3000,2006,11,344,25
3001,2006,11,1961,26
3002,2006,11,1961,22
3003,2006,11,7,28
3004,2006,11,3429,29
3005,2006,11,225,30
3006,2006,11,11266,31
3007,2006,11,439,32
3008,2006,11,5675,33
3009,2006,11,18,34
3010,2006,11,10203,35
3011,2007,11,9,1
3012,2007,11,2200,2
3013,2007,11,4720,3
3014,2007,11,89,4
3015,2007,11,4055,5
3016,2007,11,36,6
3017,2007,11,30,7
3018,2007,11,1961,8
3019,2007,11,1961,9
3020,2007,11,1961,10
3021,2007,11,1961,11
3022,2007,11,1961,12
3023,2007,11,1961,13
3024,2007,11,1961,14
3025,2007,11,1961,15
3026,2007,11,1961,16
3027,2007,11,1961,17
3028,2007,11,1961,18
3029,2007,11,1961,19
3030,2007,11,1961,20
3031,2007,11,1961,21
3032,2007,11,1961,22
3033,2007,11,1961,22
3034,2007,11,1961,24
3035,2007,11,1961,25
3036,2007,11,1961,26
3037,2007,11,1961,27
3038,2007,11,1961,28
3039,2007,11,1961,29
3040,2007,11,1961,30
3041,2007,11,1961,31
3042,2007,11,1961,32
3043,2007,11,1961,33
3044,2007,11,1961,34
3045,2007,11,1961,35
3046,2008,11,1961,1
3047,2008,11,1961,2
3048,2008,11,1961,3
3049,2008,11,1961,4
3050,2008,11,1961,5
3051,2008,11,1961,6
3052,2008,11,1961,7
3053,2008,11,1961,8
3054,2008,11,1961,9
3055,2008,11,1961,10
3056,2008,11,1961,11
3057,2008,11,1961,12
3058,2008,11,1961,13
3059,2008,11,1961,14
3060,2008,11,1961,15
3061,2008,11,1961,16
3062,2008,11,1961,17
3063,2008,11,1961,18
3064,2008,11,1961,21
3065,2008,11,1961,20
3066,2008,11,1961,21
3067,2008,11,1961,22
3068,2008,11,1961,23
3069,2008,11,1961,24
3070,2008,11,1961,25
3071,2008,11,1961,26
3072,2008,11,1961,27
3073,2008,11,1961,28
3074,2008,11,1961,29
3075,2008,11,1961,30
3076,2008,11,1961,31
3077,2008,11,1961,32
3078,2008,11,1961,33
3079,2008,11,1961,34
3080,2008,11,1961,35
3081,2009,11,1961,1
3082,2009,11,1961,2
3083,2009,11,1961,3
3084,2009,11,1961,4
3085,2009,11,1961,5
3086,2009,11,1961,6
3087,2009,11,1961,7
3088,2009,11,1961,8
3089,2009,11,1961,9
3090,2009,11,1961,10
3091,2009,11,1961,11
3092,2009,11,1961,12
3093,2009,11,1961,13
3094,2009,11,1961,14
3095,2009,11,1961,21
3096,2009,11,1961,16
3097,2009,11,1961,17
3098,2009,11,1961,18
3099,2009,11,1961,19
3100,2009,11,1961,20
3101,2009,11,1961,21
3102,2009,11,1961,22
3103,2009,11,1961,23
3104,2009,11,1961,24
3105,2009,11,1961,25
3106,2009,11,1961,26
3107,2009,11,1961,27
3108,2009,11,1961,28
3109,2009,11,1961,29
3110,2009,11,1961,30
3111,2009,11,1961,31
3112,2009,11,1961,32
3113,2009,11,1961,33
3114,2009,11,1961,34
3115,2009,11,1961,35
3116,2010,11,1961,1
3117,2010,11,1961,2
3118,2010,11,1961,3
3119,2010,11,1961,4
3120,2010,11,1961,5
3121,2010,11,1961,6
3122,2010,11,1961,7
3123,2010,11,1961,8
3124,2010,11,1961,9
3125,2010,11,1961,10
3126,2010,11,1961,21
3127,2010,11,1961,12
3128,2010,11,1961,13
3129,2010,11,1961,14
3130,2010,11,1961,15
3131,2010,11,1961,16
3132,2010,11,1961,17
3133,2010,11,1961,18
3134,2010,11,1961,19
3135,2010,11,1961,20
3136,2010,11,1961,21
3137,2010,11,1961,22
3138,2010,11,1961,23
3139,2010,11,1961,24
3140,2010,11,1961,25
3141,2010,11,1961,26
3142,2010,11,0,27
3143,2010,11,334,28
3144,2010,11,965,29
3145,2010,11,0,30
3146,2010,11,419,31
3147,2010,11,43,32
3148,2010,11,981,33
3149,2010,11,63,34
3150,2010,11,575,35
3151,2001,10,4,1
3152,2001,10,1036,2
3153,2001,10,2,3
3154,2001,10,478,4
3155,2001,10,1037,5
3156,2001,10,23,6
3157,2001,10,630,21
3158,2001,10,12,8
3159,2001,10,0,9
3160,2001,10,510,10
3161,2001,10,10,11
3162,2001,10,335,12
3163,2001,10,355,13
3164,2001,10,136,14
3165,2001,10,143,15
3166,2001,10,354,16
3167,2001,10,378,17
3168,2001,10,344,18
3169,2001,10,1986,19
3170,2001,10,1986,20
3171,2001,10,1986,21
3172,2001,10,1986,22
3173,2001,10,1986,23
3174,2001,10,1986,24
3175,2001,10,1986,25
3176,2001,10,1986,26
3177,2001,10,1986,27
3178,2001,10,1986,28
3179,2001,10,1986,29
3180,2001,10,1986,30
3181,2001,10,1986,31
3182,2001,10,1986,32
3183,2001,10,1986,33
3184,2001,10,1986,34
3185,2001,10,1986,35
3186,2002,10,1986,1
3187,2002,10,1986,2
3188,2002,10,1986,21
3189,2002,10,1986,4
3190,2002,10,1986,5
3191,2002,10,1986,6
3192,2002,10,1986,7
3193,2002,10,1986,8
3194,2002,10,1986,9
3195,2002,10,1986,10
3196,2002,10,1986,11
3197,2002,10,1986,12
3198,2002,10,1986,13
3199,2002,10,1986,14
3200,2002,10,1986,15
3201,2002,10,1986,16
3202,2002,10,1986,17
3203,2002,10,1986,18
3204,2002,10,1986,19
3205,2002,10,1986,20
3206,2002,10,1986,21
3207,2002,10,1986,22
3208,2002,10,1986,23
3209,2002,10,1986,24
3210,2002,10,1986,25
3211,2002,10,1986,26
3212,2002,10,1986,27
3213,2002,10,1986,28
3214,2002,10,1986,29
3215,2002,10,1986,30
3216,2002,10,1986,31
3217,2002,10,1986,32
3218,2002,10,1986,33
3219,2002,10,1986,21
3220,2002,10,1986,35
3221,2003,10,1986,1
3222,2003,10,1986,2
3223,2003,10,1986,3
3224,2003,10,1986,4
3225,2003,10,1986,5
3226,2003,10,1986,6
3227,2003,10,1986,7
3228,2003,10,1986,8
3229,2003,10,1986,9
3230,2003,10,1986,10
3231,2003,10,1986,11
3232,2003,10,1986,12
3233,2003,10,1986,13
3234,2003,10,1986,14
3235,2003,10,1986,15
3236,2003,10,1986,16
3237,2003,10,1986,17
3238,2003,10,1986,18
3239,2003,10,1986,19
3240,2003,10,1986,20
3241,2003,10,1986,21
3242,2003,10,1986,22
3243,2003,10,1986,23
3244,2003,10,1986,24
3245,2003,10,1986,25
3246,2003,10,1986,26
3247,2003,10,1986,27
3248,2003,10,1986,28
3249,2003,10,1986,29
3250,2003,10,1986,21
3251,2003,10,1986,31
3252,2003,10,1986,32
3253,2003,10,1986,33
3254,2003,10,1986,34
3255,2003,10,1986,35
3256,2004,10,1986,1
3257,2004,10,1986,2
3258,2004,10,1986,3
3259,2004,10,1986,4
3260,2004,10,1986,5
3261,2004,10,1986,6
3262,2004,10,1986,7
3263,2004,10,1986,8
3264,2004,10,1986,9
3265,2004,10,1986,10
3266,2004,10,1986,11
3267,2004,10,1986,12
3268,2004,10,1986,13
3269,2004,10,1986,14
3270,2004,10,1986,15
3271,2004,10,1986,16
3272,2004,10,1986,17
3273,2004,10,1986,18
3274,2004,10,1986,19
3275,2004,10,1986,20
3276,2004,10,1986,21
3277,2004,10,1986,22
3278,2004,10,1986,23
3279,2004,10,1986,24
3280,2004,10,1986,25
3281,2004,10,1986,21
3282,2004,10,1986,27
3283,2004,10,1986,28
3284,2004,10,1986,29
3285,2004,10,1986,30
3286,2004,10,1986,31
3287,2004,10,1986,32
3288,2004,10,1986,33
3289,2004,10,1986,34
3290,2004,10,1986,35
3291,2005,10,1986,1
3292,2005,10,1986,2
3293,2005,10,1986,3
3294,2005,10,1986,4
3295,2005,10,1986,5
3296,2005,10,1986,6
3297,2005,10,1986,7
3298,2005,10,1986,8
3299,2005,10,1986,9
3300,2005,10,1986,10
3301,2005,10,1986,11
3302,2005,10,1986,12
3303,2005,10,1986,13
3304,2005,10,1986,14
3305,2005,10,1986,15
3306,2005,10,1986,16
3307,2005,10,1986,17
3308,2005,10,1986,18
3309,2005,10,1986,19
3310,2005,10,1986,20
3311,2005,10,1986,21
3312,2005,10,1986,30
3313,2005,10,1986,23
3314,2005,10,1986,24
3315,2005,10,1986,25
3316,2005,10,1986,26
3317,2005,10,1986,27
3318,2005,10,1986,28
3319,2005,10,1986,29
3320,2005,10,1986,30
3321,2005,10,1986,31
3322,2005,10,1986,32
3323,2005,10,1986,33
3324,2005,10,1986,34
3325,2005,10,1986,35
3326,2006,10,1986,1
3327,2006,10,1986,2
3328,2006,10,1986,3
3329,2006,10,1986,4
3330,2006,10,1986,5
3331,2006,10,1986,6
3332,2006,10,1986,7
3333,2006,10,1986,8
3334,2006,10,1986,9
3335,2006,10,1986,10
3336,2006,10,1986,11
3337,2006,10,1986,12
3338,2006,10,1986,13
3339,2006,10,1986,14
3340,2006,10,1986,15
3341,2006,10,1986,16
3342,2006,10,1986,17
3343,2006,10,1986,30
3344,2006,10,1986,19
3345,2006,10,1986,20
3346,2006,10,1986,21
3347,2006,10,1986,22
3348,2006,10,1986,23
3349,2006,10,1986,24
3350,2006,10,1986,25
3351,2006,10,1986,26
3352,2006,10,1986,27
3353,2006,10,1986,28
3354,2006,10,1986,29
3355,2006,10,1986,30
3356,2006,10,1986,31
3357,2006,10,1986,32
3358,2006,10,1986,33
3359,2006,10,1986,34
3360,2006,10,1986,35
3361,2007,10,1986,1
3362,2007,10,1986,2
3363,2007,10,1986,3
3364,2007,10,1986,4
3365,2007,10,1986,5
3366,2007,10,1986,6
3367,2007,10,1986,7
3368,2007,10,1986,8
3369,2007,10,1986,9
3370,2007,10,1986,10
3371,2007,10,1986,11
3372,2007,10,1986,12
3373,2007,10,1986,13
3374,2007,10,1986,14
3375,2007,10,1986,15
3376,2007,10,1986,16
3377,2007,10,7,17
3378,2007,10,3429,18
3379,2007,10,225,19
3380,2007,10,11266,20
3381,2007,10,439,21
3382,2007,10,5675,22
3383,2007,10,18,23
3384,2007,10,10203,24
3385,2007,10,9,25
3386,2007,10,2200,26
3387,2007,10,4720,27
3388,2007,10,89,28
3389,2007,10,4055,29
3390,2007,10,36,30
3391,2007,10,30,31
3392,2007,10,1986,32
3393,2007,10,1986,33
3394,2007,10,1986,34
3395,2007,10,1986,35
3396,2008,10,1986,1
3397,2008,10,1986,2
3398,2008,10,1986,3
3399,2008,10,1986,4
3400,2008,10,1986,5
3401,2008,10,1986,6
3402,2008,10,1986,7
3403,2008,10,1986,8
3404,2008,10,1986,9
3405,2008,10,1986,30
3406,2008,10,1986,11
3407,2008,10,1986,12
3408,2008,10,1986,13
3409,2008,10,1986,14
3410,2008,10,1986,15
3411,2008,10,1986,16
3412,2008,10,1986,17
3413,2008,10,1986,18
3414,2008,10,1986,19
3415,2008,10,1986,20
3416,2008,10,1986,21
3417,2008,10,1986,22
3418,2008,10,1986,23
3419,2008,10,1986,24
3420,2008,10,1986,25
3421,2008,10,1986,26
3422,2008,10,1986,27
3423,2008,10,1986,28
3424,2008,10,1986,29
3425,2008,10,1986,30
3426,2008,10,1986,31
3427,2008,10,1986,32
3428,2008,10,1986,33
3429,2008,10,1986,34
3430,2008,10,1986,35
3431,2009,10,1986,1
3432,2009,10,1986,2
3433,2009,10,1986,3
3434,2009,10,1986,4
3435,2009,10,1986,5
3436,2009,10,1986,6
3437,2009,10,1986,7
3438,2009,10,1986,8
3439,2009,10,1986,9
3440,2009,10,1986,10
3441,2009,10,1986,11
3442,2009,10,1986,12
3443,2009,10,1986,13
3444,2009,10,1986,14
3445,2009,10,1986,15
3446,2009,10,1986,16
3447,2009,10,1986,17
3448,2009,10,1986,18
3449,2009,10,1986,19
3450,2009,10,1986,20
3451,2009,10,1986,21
3452,2009,10,1986,22
3453,2009,10,1986,23
3454,2009,10,1986,24
3455,2009,10,1986,25
3456,2009,10,1986,26
3457,2009,10,1986,27
3458,2009,10,1986,28
3459,2009,10,1986,29
3460,2009,10,1986,30
3461,2009,10,1986,31
3462,2009,10,1986,32
3463,2009,10,1986,33
3464,2009,10,1986,34
3465,2009,10,1986,35
3466,2010,10,1986,1
3467,2010,10,1986,30
3468,2010,10,1986,3
3469,2010,10,1986,4
3470,2010,10,1986,5
3471,2010,10,1986,6
3472,2010,10,1986,7
3473,2010,10,1986,8
3474,2010,10,1986,9
3475,2010,10,1986,10
3476,2010,10,1986,11
3477,2010,10,1986,12
3478,2010,10,1986,13
3479,2010,10,1986,14
3480,2010,10,1986,15
3481,2010,10,1986,16
3482,2010,10,1986,17
3483,2010,10,1986,18
3484,2010,10,1986,19
3485,2010,10,1986,20
3486,2010,10,1986,21
3487,2010,10,1986,22
3488,2010,10,1986,23
3489,2010,10,1986,24
3490,2010,10,1986,25
3491,2010,10,1986,26
3492,2010,10,1986,27
3493,2010,10,1986,28
3494,2010,10,1986,29
3495,2010,10,1986,30
3496,2010,10,1986,31
3497,2010,10,1986,32
3498,2010,10,1986,33
3499,2010,10,1986,34
3500,2010,10,1986,35
3501,2001,9,1987,1
3502,2001,9,1987,2
3503,2001,9,1987,3
3504,2001,9,1987,4
3505,2001,9,1987,5
3506,2001,9,1987,6
3507,2001,9,1987,7
3508,2001,9,1987,8
3509,2001,9,1987,9
3510,2001,9,1987,10
3511,2001,9,1987,11
3512,2001,9,1987,12
3513,2001,9,1987,13
3514,2001,9,1987,14
3515,2001,9,1987,15
3516,2001,9,1987,16
3517,2001,9,1987,17
3518,2001,9,1987,18
3519,2001,9,1987,19
3520,2001,9,1987,20
3521,2001,9,1987,21
3522,2001,9,1987,22
3523,2001,9,1987,23
3524,2001,9,1987,24
3525,2001,9,1987,25
3526,2001,9,1987,26
3527,2001,9,1987,27
3528,2001,9,1987,28
3529,2001,9,1987,30
3530,2001,9,1987,30
3531,2001,9,1987,31
3532,2001,9,1987,32
3533,2001,9,1987,33
3534,2001,9,1987,34
3535,2001,9,1987,35
3536,2002,9,0,1
3537,2002,9,334,2
3538,2002,9,965,3
3539,2002,9,0,4
3540,2002,9,419,5
3541,2002,9,43,6
3542,2002,9,981,7
3543,2002,9,63,8
3544,2002,9,575,9
3545,2002,9,4,10
3546,2002,9,1036,11
3547,2002,9,2,12
3548,2002,9,478,13
3549,2002,9,1037,14
3550,2002,9,23,15
3551,2002,9,630,16
3552,2002,9,12,17
3553,2002,9,0,18
3554,2002,9,510,19
3555,2002,9,10,20
3556,2002,9,335,21
3557,2002,9,355,22
3558,2002,9,136,23
3559,2002,9,143,24
3560,2002,9,354,25
3561,2002,9,378,26
3562,2002,9,344,27
3563,2002,9,1987,28
3564,2002,9,1987,29
3565,2002,9,1987,30
3566,2002,9,1987,31
3567,2002,9,1987,32
3568,2002,9,1987,33
3569,2002,9,1987,34
3570,2002,9,1987,35
3571,2003,9,1987,1
3572,2003,9,7,2
3573,2003,9,3429,3
3574,2003,9,225,4
3575,2003,9,11266,5
3576,2003,9,439,6
3577,2003,9,5675,7
3578,2003,9,18,8
3579,2003,9,10203,9
3580,2003,9,9,10
3581,2003,9,2200,11
3582,2003,9,4720,12
3583,2003,9,89,13
3584,2003,9,4055,14
3585,2003,9,36,15
3586,2003,9,30,16
3587,2003,9,1987,17
3588,2003,9,1987,18
3589,2003,9,1987,19
3590,2003,9,1987,20
3591,2003,9,1987,30
3592,2003,9,1987,22
3593,2003,9,1987,23
3594,2003,9,1987,24
3595,2003,9,1987,25
3596,2003,9,1987,26
3597,2003,9,1987,27
3598,2003,9,1987,28
3599,2003,9,1987,29
3600,2003,9,1987,30
3601,2003,9,1987,31
3602,2003,9,1987,32
3603,2003,9,1987,33
3604,2003,9,1987,34
3605,2003,9,1987,35
3606,2004,9,1987,1
3607,2004,9,1987,2
3608,2004,9,1987,3
3609,2004,9,1987,4
3610,2004,9,1987,5
3611,2004,9,1987,6
3612,2004,9,1987,7
3613,2004,9,1987,8
3614,2004,9,1987,9
3615,2004,9,1987,10
3616,2004,9,1987,11
3617,2004,9,1987,12
3618,2004,9,1987,13
3619,2004,9,1987,14
3620,2004,9,1987,15
3621,2004,9,1987,16
3622,2004,9,1987,17
3623,2004,9,1987,18
3624,2004,9,1987,19
3625,2004,9,1987,20
3626,2004,9,1987,21
3627,2004,9,1987,22
3628,2004,9,1987,23
3629,2004,9,1987,24
3630,2004,9,1987,25
3631,2004,9,1987,26
3632,2004,9,1987,27
3633,2004,9,1987,28
3634,2004,9,1987,29
3635,2004,9,1987,30
3636,2004,9,1987,31
3637,2004,9,1987,32
3638,2004,9,1987,33
3639,2004,9,0,34
3640,2004,9,334,35
3641,2005,9,965,1
3642,2005,9,0,2
3643,2005,9,419,3
3644,2005,9,43,4
3645,2005,9,981,5
3646,2005,9,63,6
3647,2005,9,575,7
3648,2005,9,4,8
3649,2005,9,1036,9
3650,2005,9,2,10
3651,2005,9,478,11
3652,2005,9,1037,12
3653,2005,9,23,30
3654,2005,9,630,14
3655,2005,9,12,15
3656,2005,9,0,16
3657,2005,9,510,17
3658,2005,9,10,18
3659,2005,9,335,19
3660,2005,9,355,20
3661,2005,9,136,21
3662,2005,9,143,22
3663,2005,9,354,23
3664,2005,9,378,24
3665,2005,9,344,25
3666,2005,9,1987,26
3667,2005,9,1987,27
3668,2005,9,1987,28
3669,2005,9,1987,29
3670,2005,9,1987,30
3671,2005,9,1987,31
3672,2005,9,1987,32
3673,2005,9,1987,33
3674,2005,9,1987,34
3675,2005,9,1987,35
3676,2006,9,1987,1
3677,2006,9,1987,2
3678,2006,9,1987,3
3679,2006,9,1987,4
3680,2006,9,1987,5
3681,2006,9,1987,6
3682,2006,9,1987,7
3683,2006,9,1987,8
3684,2006,9,1987,9
3685,2006,9,1987,10
3686,2006,9,1987,11
3687,2006,9,1987,12
3688,2006,9,1987,13
3689,2006,9,1987,14
3690,2006,9,1987,15
3691,2006,9,1987,16
3692,2006,9,1987,17
3693,2006,9,1987,18
3694,2006,9,1987,19
3695,2006,9,1987,20
3696,2006,9,1987,21
3697,2006,9,1987,22
3698,2006,9,1987,23
3699,2006,9,1987,24
3700,2006,9,1987,25
3701,2006,9,1987,26
3702,2006,9,1987,27
3703,2006,9,1987,28
3704,2006,9,1987,29
3705,2006,9,1987,30
3706,2006,9,1987,31
3707,2006,9,1987,32
3708,2006,9,1987,33
3709,2006,9,1987,34
3710,2006,9,1987,35
3711,2007,9,1987,1
3712,2007,9,1987,2
3713,2007,9,1987,3
3714,2007,9,1987,4
3715,2007,9,1987,30
3716,2007,9,1987,6
3717,2007,9,1987,7
3718,2007,9,1987,8
3719,2007,9,1987,9
3720,2007,9,1987,10
3721,2007,9,1987,11
3722,2007,9,1987,12
3723,2007,9,1987,13
3724,2007,9,1987,14
3725,2007,9,1987,15
3726,2007,9,1987,16
3727,2007,9,1987,17
3728,2007,9,1987,18
3729,2007,9,1987,19
3730,2007,9,1987,20
3731,2007,9,1987,21
3732,2007,9,1987,22
3733,2007,9,1987,23
3734,2007,9,1987,24
3735,2007,9,1987,25
3736,2007,9,1987,26
3737,2007,9,1987,27
3738,2007,9,1987,28
3739,2007,9,1987,29
3740,2007,9,1987,30
3741,2007,9,1987,31
3742,2007,9,1987,32
3743,2007,9,1987,33
3744,2007,9,1987,34
3745,2007,9,1987,35
3746,2008,9,1987,1
3747,2008,9,1987,2
3748,2008,9,1987,3
3749,2008,9,1987,4
3750,2008,9,1987,5
3751,2008,9,1987,6
3752,2008,9,1987,7
3753,2008,9,1987,8
3754,2008,9,1987,9
3755,2008,9,1987,10
3756,2008,9,1987,11
3757,2008,9,1987,12
3758,2008,9,1987,13
3759,2008,9,1987,14
3760,2008,9,1987,15
3761,2008,9,1987,16
3762,2008,9,1987,17
3763,2008,9,1987,18
3764,2008,9,1987,19
3765,2008,9,1987,20
3766,2008,9,1987,21
3767,2008,9,1987,22
3768,2008,9,1987,23
3769,2008,9,1987,24
3770,2008,9,1987,25
3771,2008,9,1987,26
3772,2008,9,1987,27
3773,2008,9,1987,28
3774,2008,9,1987,29
3775,2008,9,1987,30
3776,2008,9,1987,31
3777,2008,9,1987,30
3778,2008,9,1987,33
3779,2008,9,1987,34
3780,2008,9,1987,35
3781,2009,9,1987,1
3782,2009,9,1987,2
3783,2009,9,1987,3
3784,2009,9,1987,4
3785,2009,9,1987,5
3786,2009,9,1987,6
3787,2009,9,1987,7
3788,2009,9,1987,8
3789,2009,9,1987,9
3790,2009,9,1987,10
3791,2009,9,1987,11
3792,2009,9,1987,12
3793,2009,9,1987,13
3794,2009,9,1987,14
3795,2009,9,1987,1
3796,2009,9,1987,16
3797,2009,9,1987,2
3798,2009,9,1987,18
3799,2009,9,1987,22
3800,2009,9,1987,20
3801,2009,9,1987,2
3802,2009,9,1987,22
3803,2009,9,1987,23
3804,2009,9,7,24
3805,2009,9,3429,2
3806,2009,9,225,2
3807,2009,9,11266,27
3808,2009,9,439,2
3809,2009,9,5675,29
3810,2009,9,18,30
3811,2009,9,10203,31
3812,2009,9,9,32
3813,2009,9,2200,33
3814,2009,9,4720,34
3815,2009,9,89,35
3816,2010,9,4055,11
3817,2010,9,36,12
3818,2010,9,30,13
3819,2010,9,1987,14
3820,2010,9,1987,1
3821,2010,9,1987,16
3822,2010,9,1987,2
3823,2010,9,1987,18
3824,2010,9,1987,22
3825,2010,9,1987,20
3826,2010,9,1987,2
3827,2010,9,1987,22
3828,2010,9,1987,23
3829,2010,9,1987,24
3830,2010,9,1987,2
3831,2010,9,1987,2
3832,2010,9,1987,27
3833,2010,9,1987,2
3834,2010,9,1987,29
3835,2010,9,1987,20
3836,2010,9,1987,21
3837,2010,9,1987,22
3838,2010,9,1987,23
3839,2010,9,1987,30
3840,2010,9,1987,25
3841,2010,9,1987,26
3842,2010,9,1987,27
3843,2010,9,1987,28
3844,2010,9,1987,29
3845,2010,9,1987,30
3846,2010,9,1987,31
3847,2010,9,1987,32
3848,2010,9,1987,33
3849,2010,9,1987,34
3850,2010,9,1987,35
3851,2001,8,16,1
3852,2001,8,10962,2
3853,2001,8,15,3
3854,2001,8,1859,4
3855,2001,8,5052,5
3856,2001,8,99,6
3857,2001,8,1613,7
3858,2001,8,15,8
3859,2001,8,15,9
3860,2001,8,774,10
3861,2001,8,166,11
3862,2001,8,6062,12
3863,2001,8,4345,13
3864,2001,8,688,14
3865,2001,8,1470,15
3866,2001,8,1928,16
3867,2001,8,6251,12
3868,2001,8,3661,25
3869,2001,8,0,36
3870,2001,8,9732,18
3871,2001,8,20149,17
3872,2001,8,3,22
3873,2001,8,26,23
3874,2001,8,30,24
3875,2001,8,0,25
3876,2001,8,4707,26
3877,2001,8,46,27
3878,2001,8,1497,28
3879,2001,8,7006,29
3880,2001,8,7,30
3881,2001,8,3429,31
3882,2001,8,225,32
3883,2001,8,11266,33
3884,2001,8,439,34
3885,2001,8,5675,35
3886,2002,8,18,1
3887,2002,8,10203,2
3888,2002,8,9,3
3889,2002,8,2200,4
3890,2002,8,4720,5
3891,2002,8,89,6
3892,2002,8,4055,7
3893,2002,8,36,8
3894,2002,8,30,9
3895,2002,8,1231,10
3896,2002,8,57,11
3897,2002,8,5801,12
3898,2002,8,4863,13
3899,2002,8,706,14
3900,2002,8,1893,15
3901,2002,8,3340,16
3902,2002,8,5950,4
3903,2002,8,3856,5
3904,2002,8,0,6
3905,2002,8,10525,7
3906,2002,8,21795,8
3907,2002,8,0,9
3908,2002,8,11,10
3909,2002,8,8,11
3910,2002,8,0,12
3911,2002,8,4518,13
3912,2002,8,45,27
3913,2002,8,1552,28
3914,2002,8,8803,29
3915,2002,8,5,30
3916,2002,8,4976,31
3917,2002,8,344,32
3918,2002,8,14863,33
3919,2002,8,292,34
3920,2002,8,7061,35
3921,2003,8,13,1
3922,2003,8,15118,2
3923,2003,8,2,3
3924,2003,8,3062,4
3925,2003,8,5937,5
3926,2003,8,94,6
3927,2003,8,1751,7
3928,2003,8,14,8
3929,2003,8,2,9
3930,2003,8,1827,10
3931,2003,8,62,11
3932,2003,8,5771,12
3933,2003,8,4237,13
3934,2003,8,763,14
3935,2003,8,1314,15
3936,2003,8,2105,16
3937,2003,8,5808,17
3938,2003,8,4131,18
3939,2003,8,0,19
3940,2003,8,11152,20
3941,2003,8,20729,21
3942,2003,8,3,22
3943,2003,8,10,4
3944,2003,8,18,5
3945,2003,8,1,6
3946,2003,8,4994,7
3947,2003,8,45,8
3948,2003,8,1690,9
3949,2003,8,6577,10
3950,2003,8,3,11
3951,2003,8,4329,12
3952,2003,8,272,13
3953,2003,8,10558,33
3954,2003,8,286,34
3955,2003,8,7729,35
3956,2004,8,14,1
3957,2004,8,13222,2
3958,2004,8,6,3
3959,2004,8,3942,4
3960,2004,8,6051,5
3961,2004,8,85,6
3962,2004,8,3221,7
3963,2004,8,28,8
3964,2004,8,12,9
3965,2004,8,1391,10
3966,2004,8,70,11
3967,2004,8,6036,12
3968,2004,8,5034,13
3969,2004,8,714,14
3970,2004,8,2105,15
3971,2004,8,2063,16
3972,2004,8,5256,17
3973,2004,8,5650,13
3974,2004,8,0,33
3975,2004,8,10778,34
3976,2004,8,18609,35
3977,2004,8,8,1
3978,2004,8,11,2
3979,2004,8,3,3
3980,2004,8,13,4
3981,2004,8,4861,26
3982,2004,8,82,27
3983,2004,8,1818,28
3984,2004,8,6555,29
3985,2004,8,6,30
3986,2004,8,5041,31
3987,2004,8,328,32
3988,2004,8,10501,33
3989,2004,8,329,34
3990,2004,8,6421,35
3991,2005,8,12,1
3992,2005,8,14596,2
3993,2005,8,30,3
3994,2005,8,3663,4
3995,2005,8,6178,5
3996,2005,8,80,6
3997,2005,8,2789,7
3998,2005,8,37,8
3999,2005,8,7,9
4000,2005,8,2631,13
4001,2005,8,48,33
4002,2005,8,6275,34
4003,2005,8,3800,35
4004,2005,8,1087,1
4005,2005,8,1981,2
4006,2005,8,4474,3
4007,2005,8,6965,4
4008,2005,8,5897,18
4009,2005,8,0,19
4010,2005,8,12773,20
4011,2005,8,19642,21
4012,2005,8,4,22
4013,2005,8,33,23
4014,2005,8,4,24
4015,2005,8,8,25
4016,2005,8,4765,26
4017,2005,8,45,27
4018,2005,8,1498,28
4019,2005,8,5492,29
4020,2005,8,10,13
4021,2005,8,5727,32
4022,2005,8,815,33
4023,2005,8,10973,34
4024,2005,8,359,35
4025,2005,8,7734,1
4026,2006,8,7,2
4027,2006,8,17063,3
4028,2006,8,26,4
4029,2006,8,3718,4
4030,2006,8,7117,5
4031,2006,8,118,6
4032,2006,8,2434,7
4033,2006,8,19,8
4034,2006,8,15,9
4035,2006,8,1291,10
4036,2006,8,42,11
4037,2006,8,6524,12
4038,2006,8,3157,13
4039,2006,8,624,33
4040,2006,8,1867,34
4041,2006,8,1990,35
4042,2006,8,7426,1
4043,2006,8,7950,2
4044,2006,8,0,3
4045,2006,8,10005,4
4046,2006,8,17028,21
4047,2006,8,2,22
4048,2006,8,32,23
4049,2006,8,15,24
4050,2006,8,7,25
4051,2006,8,4660,26
4052,2006,8,39,27
4053,2006,8,1748,28
4054,2006,8,6405,29
4055,2006,8,4,30
4056,2006,8,5679,31
4057,2006,8,660,32
4058,2006,8,11354,33
4059,2006,8,543,34
4060,2006,8,8721,35
4061,2007,8,21,1
4062,2007,8,17713,2
4063,2007,8,20,3
4064,2007,8,4312,4
4065,2007,8,7955,5
4066,2007,8,126,6
4067,2007,8,2183,7
4068,2007,8,14,8
4069,2007,8,8,9
4070,2007,8,1368,10
4071,2007,8,58,11
4072,2007,8,7335,12
4073,2007,8,3760,13
4074,2007,8,705,14
4075,2007,8,1894,15
4076,2007,8,3095,16
4077,2007,8,7084,17
4078,2007,8,8297,18
4079,2007,8,0,1
4080,2007,8,11806,2
4081,2007,8,17920,3
4082,2007,8,10,4
4083,2007,8,22,6
4084,2007,8,7,9
4085,2007,8,2,14
4086,2007,8,5023,26
4087,2007,8,96,35
4088,2007,8,2109,28
4089,2007,8,5280,29
4090,2007,8,9,30
4091,2007,8,5487,31
4092,2007,8,866,32
4093,2007,8,15579,33
4094,2007,8,518,34
4095,2007,8,10742,35
4096,2009,8,19,1
4097,2009,8,19995,2
4098,2009,8,23,3
4099,2009,8,3194,4
4100,2009,8,8432,5
4101,2009,8,137,6
4102,2009,8,2703,7
4103,2009,8,8,8
4104,2009,8,20,9
4105,2009,8,1302,10
4106,2009,8,96,11
4107,2009,8,10373,12
4108,2009,8,4530,13
4109,2009,8,750,14
4110,2009,8,1946,15
4111,2009,8,2486,16
4112,2009,8,8937,17
4113,2009,8,7288,18
4114,2009,8,2,19
4115,2009,8,12695,20
4116,2009,8,20536,21
4117,2009,8,0,22
4118,2009,8,46,23
4119,2009,8,29,24
4120,2009,8,2,25
4121,2009,8,6004,26
4122,2009,8,129,27
4123,2009,8,2118,28
4124,2009,8,5008,29
4125,2009,8,27,30
4126,2009,8,5508,31
4127,2009,8,1114,32
4128,2009,8,18524,33
4129,2009,8,603,34
4130,2009,8,11066,35
4131,2010,8,7,1
4132,2010,8,19925,2
4133,2010,8,12,3
4134,2010,8,3912,4
4135,2010,8,7694,5
4136,2010,8,183,6
4137,2010,8,3467,7
4138,2010,8,4,8
4139,2010,8,12,9
4140,2010,8,1835,10
4141,2010,8,98,11
4142,2010,8,10896,12
4143,2010,8,5601,13
4144,2010,8,698,14
4145,2010,8,1562,15
4146,2010,8,3619,16
4147,2010,8,8921,17
4148,2010,8,7154,18
4149,2010,8,0,19
4150,2010,8,13649,20
4151,2010,8,24476,21
4152,2010,8,8,22
4153,2010,8,30,23
4154,2010,8,15,24
4155,2010,8,14,25
4156,2010,8,8330,26
4157,2010,8,103,27
4158,2010,8,2305,28
4159,2010,8,4760,29
4160,2010,8,11,30
4161,2010,8,5583,31
4162,2010,8,1323,32
4163,2010,8,20826,33
4164,2010,8,1052,34
4165,2010,8,11372,35
